filename,seed,dataset,method,classifier,accuracy,macro_precision,macro_recall,macro_f1,weighted_precision,weighted_recall,weighted_f1,class_0_precision,class_0_recall,class_0_f1,class_1_precision,class_1_recall,class_1_f1
42-Clean_blood-baseline-lightgbm.txt,42,Clean_blood,baseline,lightgbm,0.76,0.65,0.63,0.64,0.74,0.76,0.75,0.82,0.87,0.84,0.49,0.39,0.43
42-Clean_blood-baseline-random_forest.txt,42,Clean_blood,baseline,random_forest,0.73,0.63,0.63,0.63,0.73,0.73,0.73,0.82,0.82,0.82,0.43,0.43,0.43
42-Clean_blood-baseline-tune_hgb.txt,42,Clean_blood,baseline,tune_hgb,0.7,0.54,0.53,0.53,0.66,0.7,0.68,0.77,0.86,0.81,0.31,0.2,0.25
42-Clean_blood-baseline-xgboost.txt,42,Clean_blood,baseline,xgboost,0.76,0.66,0.66,0.66,0.75,0.76,0.75,0.83,0.85,0.84,0.49,0.46,0.48
42-Clean_blood-ctgan-lightgbm.txt,42,Clean_blood,ctgan,lightgbm,0.77,0.68,0.68,0.68,0.77,0.77,0.77,0.84,0.85,0.85,0.52,0.5,0.51
42-Clean_blood-ctgan-random_forest.txt,42,Clean_blood,ctgan,random_forest,0.74,0.64,0.65,0.65,0.74,0.74,0.74,0.83,0.82,0.83,0.46,0.48,0.47
42-Clean_blood-ctgan-tune_hgb.txt,42,Clean_blood,ctgan,tune_hgb,0.76,0.38,0.5,0.43,0.58,0.76,0.66,0.76,1.0,0.86,0.0,0.0,0.0
42-Clean_blood-ctgan-xgboost.txt,42,Clean_blood,ctgan,xgboost,0.78,0.69,0.69,0.69,0.78,0.78,0.78,0.85,0.86,0.85,0.54,0.52,0.53
42-Clean_blood-ctgan_filtered-lightgbm.txt,42,Clean_blood,ctgan_filtered,lightgbm,0.75,0.66,0.66,0.66,0.75,0.75,0.75,0.84,0.82,0.83,0.47,0.5,0.49
42-Clean_blood-ctgan_filtered-random_forest.txt,42,Clean_blood,ctgan_filtered,random_forest,0.73,0.64,0.64,0.64,0.74,0.73,0.73,0.83,0.81,0.82,0.44,0.48,0.46
42-Clean_blood-ctgan_filtered-tune_hgb.txt,42,Clean_blood,ctgan_filtered,tune_hgb,0.29,0.36,0.33,0.29,0.47,0.29,0.32,0.58,0.26,0.36,0.14,0.39,0.21
42-Clean_blood-ctgan_filtered-xgboost.txt,42,Clean_blood,ctgan_filtered,xgboost,0.78,0.7,0.67,0.68,0.77,0.78,0.77,0.84,0.89,0.86,0.56,0.44,0.49
42-Clean_blood-gan_from_tutorial-random_forest.txt,42,Clean_blood,gan_from_tutorial,random_forest,0.73,0.64,0.64,0.64,0.74,0.73,0.73,0.83,0.82,0.82,0.45,0.46,0.45
42-Clean_blood-gan_from_tutorial-tune_hgb.txt,42,Clean_blood,gan_from_tutorial,tune_hgb,0.76,0.67,0.64,0.65,0.75,0.76,0.75,0.82,0.88,0.85,0.51,0.41,0.45
42-Clean_blood-gan_from_tutorial-xgboost.txt,42,Clean_blood,gan_from_tutorial,xgboost,0.76,0.67,0.66,0.67,0.76,0.76,0.76,0.84,0.86,0.85,0.51,0.46,0.49
42-Clean_blood-gan_from_tutorial_filtered-random_forest.txt,42,Clean_blood,gan_from_tutorial_filtered,random_forest,0.71,0.62,0.64,0.62,0.73,0.71,0.72,0.83,0.77,0.8,0.41,0.5,0.45
42-Clean_blood-gan_from_tutorial_filtered-tune_hgb.txt,42,Clean_blood,gan_from_tutorial_filtered,tune_hgb,0.73,0.63,0.63,0.63,0.73,0.73,0.73,0.82,0.83,0.83,0.44,0.43,0.43
42-Clean_blood-gan_from_tutorial_filtered-xgboost.txt,42,Clean_blood,gan_from_tutorial_filtered,xgboost,0.73,0.66,0.69,0.67,0.76,0.73,0.74,0.86,0.78,0.82,0.46,0.59,0.52
42-Clean_blood-gan_paper_2-random_forest.txt,42,Clean_blood,gan_paper_2,random_forest,0.73,0.63,0.63,0.63,0.73,0.73,0.73,0.82,0.83,0.83,0.44,0.43,0.43
42-Clean_blood-gan_paper_2-tune_hgb.txt,42,Clean_blood,gan_paper_2,tune_hgb,0.72,0.63,0.65,0.64,0.74,0.72,0.73,0.84,0.77,0.8,0.43,0.54,0.48
42-Clean_blood-gan_paper_2-xgboost.txt,42,Clean_blood,gan_paper_2,xgboost,0.75,0.65,0.65,0.65,0.74,0.75,0.75,0.83,0.85,0.84,0.48,0.44,0.46
42-Clean_blood-gan_paper_2_filtered-random_forest.txt,42,Clean_blood,gan_paper_2_filtered,random_forest,0.72,0.63,0.63,0.63,0.73,0.72,0.73,0.83,0.81,0.82,0.43,0.46,0.45
42-Clean_blood-gan_paper_2_filtered-tune_hgb.txt,42,Clean_blood,gan_paper_2_filtered,tune_hgb,0.65,0.59,0.62,0.59,0.72,0.65,0.67,0.83,0.67,0.74,0.36,0.57,0.44
42-Clean_blood-gan_paper_2_filtered-xgboost.txt,42,Clean_blood,gan_paper_2_filtered,xgboost,0.75,0.66,0.66,0.66,0.75,0.75,0.75,0.84,0.84,0.84,0.48,0.48,0.48
42-Clean_blood-smote-random_forest.txt,42,Clean_blood,smote,random_forest,0.7,0.62,0.65,0.63,0.73,0.7,0.71,0.84,0.75,0.79,0.41,0.54,0.46
42-Clean_blood-smote-tune_hgb.txt,42,Clean_blood,smote,tune_hgb,0.76,0.38,0.5,0.43,0.58,0.76,0.66,0.76,1.0,0.86,0.0,0.0,0.0
42-Clean_blood-smote-xgboost.txt,42,Clean_blood,smote,xgboost,0.72,0.64,0.67,0.65,0.75,0.72,0.73,0.85,0.78,0.81,0.44,0.56,0.49
42-Clean_blood-smote_filtered-random_forest.txt,42,Clean_blood,smote_filtered,random_forest,0.72,0.62,0.62,0.62,0.72,0.72,0.72,0.82,0.82,0.82,0.43,0.43,0.43
42-Clean_blood-smote_filtered-tune_hgb.txt,42,Clean_blood,smote_filtered,tune_hgb,0.72,0.64,0.65,0.64,0.74,0.72,0.73,0.84,0.79,0.81,0.44,0.52,0.47
42-Clean_blood-smote_filtered-xgboost.txt,42,Clean_blood,smote_filtered,xgboost,0.72,0.63,0.65,0.64,0.74,0.72,0.73,0.84,0.78,0.81,0.43,0.52,0.47
42-Clean_blood-smotified_gan-random_forest.txt,42,Clean_blood,smotified_gan,random_forest,0.72,0.62,0.62,0.62,0.72,0.72,0.72,0.82,0.8,0.81,0.41,0.44,0.43
42-Clean_blood-smotified_gan-tune_hgb.txt,42,Clean_blood,smotified_gan,tune_hgb,0.78,0.69,0.64,0.66,0.76,0.78,0.76,0.82,0.9,0.86,0.55,0.39,0.46
42-Clean_blood-smotified_gan-xgboost.txt,42,Clean_blood,smotified_gan,xgboost,0.76,0.66,0.64,0.65,0.75,0.76,0.75,0.82,0.87,0.85,0.5,0.41,0.45
42-Clean_blood-smotified_gan_filtered-random_forest.txt,42,Clean_blood,smotified_gan_filtered,random_forest,0.73,0.63,0.62,0.62,0.73,0.73,0.73,0.82,0.84,0.83,0.44,0.41,0.42
42-Clean_blood-smotified_gan_filtered-tune_hgb.txt,42,Clean_blood,smotified_gan_filtered,tune_hgb,0.71,0.44,0.48,0.44,0.6,0.71,0.64,0.75,0.92,0.83,0.12,0.04,0.06
42-Clean_blood-smotified_gan_filtered-xgboost.txt,42,Clean_blood,smotified_gan_filtered,xgboost,0.79,0.71,0.66,0.68,0.77,0.79,0.78,0.83,0.91,0.87,0.59,0.41,0.48
42-Clean_blood-wgangp-random_forest.txt,42,Clean_blood,wgangp,random_forest,0.75,0.65,0.64,0.65,0.74,0.75,0.74,0.83,0.84,0.83,0.47,0.44,0.46
42-Clean_blood-wgangp-tune_hgb.txt,42,Clean_blood,wgangp,tune_hgb,0.77,0.68,0.64,0.65,0.75,0.77,0.76,0.82,0.89,0.86,0.54,0.39,0.45
42-Clean_blood-wgangp-xgboost.txt,42,Clean_blood,wgangp,xgboost,0.78,0.69,0.68,0.68,0.77,0.78,0.77,0.84,0.87,0.86,0.54,0.48,0.51
42-Clean_blood-wgangp_filtered-random_forest.txt,42,Clean_blood,wgangp_filtered,random_forest,0.75,0.65,0.64,0.64,0.74,0.75,0.74,0.82,0.85,0.84,0.47,0.43,0.45
42-Clean_blood-wgangp_filtered-tune_hgb.txt,42,Clean_blood,wgangp_filtered,tune_hgb,0.77,0.68,0.64,0.65,0.75,0.77,0.76,0.82,0.89,0.86,0.54,0.39,0.45
42-Clean_blood-wgangp_filtered-xgboost.txt,42,Clean_blood,wgangp_filtered,xgboost,0.75,0.66,0.65,0.65,0.75,0.75,0.75,0.83,0.84,0.84,0.48,0.46,0.47
42-Clean_Breast_Cancer_Wisconsin-baseline-lightgbm.txt,42,Clean_Breast_Cancer_Wisconsin,baseline,lightgbm,0.97,0.98,0.96,0.97,0.97,0.97,0.97,0.96,1.0,0.98,1.0,0.92,0.96
42-Clean_Breast_Cancer_Wisconsin-baseline-random_forest.txt,42,Clean_Breast_Cancer_Wisconsin,baseline,random_forest,0.96,0.97,0.96,0.96,0.97,0.96,0.96,0.95,0.99,0.97,0.98,0.92,0.95
42-Clean_Breast_Cancer_Wisconsin-baseline-tune_hgb.txt,42,Clean_Breast_Cancer_Wisconsin,baseline,tune_hgb,0.92,0.92,0.91,0.92,0.92,0.92,0.92,0.93,0.95,0.94,0.92,0.88,0.9
42-Clean_Breast_Cancer_Wisconsin-baseline-xgboost.txt,42,Clean_Breast_Cancer_Wisconsin,baseline,xgboost,0.98,0.98,0.97,0.97,0.98,0.98,0.98,0.96,1.0,0.98,1.0,0.94,0.97
42-Clean_Breast_Cancer_Wisconsin-ctgan-lightgbm.txt,42,Clean_Breast_Cancer_Wisconsin,ctgan,lightgbm,0.98,0.98,0.97,0.97,0.98,0.98,0.98,0.96,1.0,0.98,1.0,0.94,0.97
42-Clean_Breast_Cancer_Wisconsin-ctgan-random_forest.txt,42,Clean_Breast_Cancer_Wisconsin,ctgan,random_forest,0.96,0.97,0.96,0.96,0.97,0.96,0.96,0.95,0.99,0.97,0.98,0.92,0.95
42-Clean_Breast_Cancer_Wisconsin-ctgan-tune_hgb.txt,42,Clean_Breast_Cancer_Wisconsin,ctgan,tune_hgb,0.96,0.96,0.95,0.96,0.96,0.96,0.96,0.95,0.99,0.97,0.98,0.91,0.94
42-Clean_Breast_Cancer_Wisconsin-ctgan-xgboost.txt,42,Clean_Breast_Cancer_Wisconsin,ctgan,xgboost,0.98,0.98,0.97,0.97,0.98,0.98,0.98,0.96,1.0,0.98,1.0,0.94,0.97
42-Clean_Breast_Cancer_Wisconsin-ctgan_filtered-lightgbm.txt,42,Clean_Breast_Cancer_Wisconsin,ctgan_filtered,lightgbm,0.98,0.98,0.97,0.97,0.98,0.98,0.98,0.96,1.0,0.98,1.0,0.94,0.97
42-Clean_Breast_Cancer_Wisconsin-ctgan_filtered-random_forest.txt,42,Clean_Breast_Cancer_Wisconsin,ctgan_filtered,random_forest,0.96,0.97,0.96,0.96,0.97,0.96,0.96,0.95,0.99,0.97,0.98,0.92,0.95
42-Clean_Breast_Cancer_Wisconsin-ctgan_filtered-tune_hgb.txt,42,Clean_Breast_Cancer_Wisconsin,ctgan_filtered,tune_hgb,0.95,0.95,0.94,0.94,0.95,0.95,0.95,0.95,0.96,0.96,0.94,0.92,0.93
42-Clean_Breast_Cancer_Wisconsin-ctgan_filtered-xgboost.txt,42,Clean_Breast_Cancer_Wisconsin,ctgan_filtered,xgboost,0.98,0.99,0.98,0.98,0.98,0.98,0.98,0.97,1.0,0.99,1.0,0.95,0.98
42-Clean_Breast_Cancer_Wisconsin-gan_from_tutorial-random_forest.txt,42,Clean_Breast_Cancer_Wisconsin,gan_from_tutorial,random_forest,0.96,0.97,0.96,0.96,0.97,0.96,0.96,0.95,0.99,0.97,0.98,0.92,0.95
42-Clean_Breast_Cancer_Wisconsin-gan_from_tutorial-tune_hgb.txt,42,Clean_Breast_Cancer_Wisconsin,gan_from_tutorial,tune_hgb,0.89,0.91,0.87,0.88,0.9,0.89,0.89,0.87,0.97,0.92,0.94,0.77,0.84
42-Clean_Breast_Cancer_Wisconsin-gan_from_tutorial-xgboost.txt,42,Clean_Breast_Cancer_Wisconsin,gan_from_tutorial,xgboost,0.98,0.99,0.98,0.98,0.98,0.98,0.98,0.97,1.0,0.99,1.0,0.95,0.98
42-Clean_Breast_Cancer_Wisconsin-gan_from_tutorial_filtered-random_forest.txt,42,Clean_Breast_Cancer_Wisconsin,gan_from_tutorial_filtered,random_forest,0.96,0.97,0.96,0.96,0.97,0.96,0.96,0.95,0.99,0.97,0.98,0.92,0.95
42-Clean_Breast_Cancer_Wisconsin-gan_from_tutorial_filtered-tune_hgb.txt,42,Clean_Breast_Cancer_Wisconsin,gan_from_tutorial_filtered,tune_hgb,0.94,0.94,0.94,0.94,0.94,0.94,0.94,0.95,0.95,0.95,0.92,0.92,0.92
42-Clean_Breast_Cancer_Wisconsin-gan_from_tutorial_filtered-xgboost.txt,42,Clean_Breast_Cancer_Wisconsin,gan_from_tutorial_filtered,xgboost,0.98,0.98,0.97,0.97,0.98,0.98,0.98,0.97,0.99,0.98,0.98,0.95,0.97
42-Clean_Breast_Cancer_Wisconsin-gan_paper_2-random_forest.txt,42,Clean_Breast_Cancer_Wisconsin,gan_paper_2,random_forest,0.96,0.97,0.96,0.96,0.96,0.96,0.96,0.96,0.98,0.97,0.97,0.94,0.95
42-Clean_Breast_Cancer_Wisconsin-gan_paper_2-tune_hgb.txt,42,Clean_Breast_Cancer_Wisconsin,gan_paper_2,tune_hgb,0.89,0.91,0.87,0.88,0.9,0.89,0.89,0.87,0.97,0.92,0.94,0.77,0.84
42-Clean_Breast_Cancer_Wisconsin-gan_paper_2-xgboost.txt,42,Clean_Breast_Cancer_Wisconsin,gan_paper_2,xgboost,0.98,0.99,0.98,0.98,0.98,0.98,0.98,0.97,1.0,0.99,1.0,0.95,0.98
42-Clean_Breast_Cancer_Wisconsin-gan_paper_2_filtered-random_forest.txt,42,Clean_Breast_Cancer_Wisconsin,gan_paper_2_filtered,random_forest,0.96,0.97,0.96,0.96,0.97,0.96,0.96,0.95,0.99,0.97,0.98,0.92,0.95
42-Clean_Breast_Cancer_Wisconsin-gan_paper_2_filtered-tune_hgb.txt,42,Clean_Breast_Cancer_Wisconsin,gan_paper_2_filtered,tune_hgb,0.98,0.98,0.97,0.97,0.98,0.98,0.98,0.96,1.0,0.98,1.0,0.94,0.97
42-Clean_Breast_Cancer_Wisconsin-gan_paper_2_filtered-xgboost.txt,42,Clean_Breast_Cancer_Wisconsin,gan_paper_2_filtered,xgboost,0.99,0.99,0.98,0.99,0.99,0.99,0.99,0.98,1.0,0.99,1.0,0.97,0.98
42-Clean_Breast_Cancer_Wisconsin-smote-random_forest.txt,42,Clean_Breast_Cancer_Wisconsin,smote,random_forest,0.98,0.98,0.97,0.97,0.98,0.98,0.98,0.96,1.0,0.98,1.0,0.94,0.97
42-Clean_Breast_Cancer_Wisconsin-smote-tune_hgb.txt,42,Clean_Breast_Cancer_Wisconsin,smote,tune_hgb,0.97,0.98,0.96,0.97,0.97,0.97,0.97,0.96,1.0,0.98,1.0,0.92,0.96
42-Clean_Breast_Cancer_Wisconsin-smote-xgboost.txt,42,Clean_Breast_Cancer_Wisconsin,smote,xgboost,0.98,0.98,0.97,0.97,0.98,0.98,0.98,0.96,1.0,0.98,1.0,0.94,0.97
42-Clean_Breast_Cancer_Wisconsin-smote_filtered-random_forest.txt,42,Clean_Breast_Cancer_Wisconsin,smote_filtered,random_forest,0.98,0.98,0.97,0.97,0.98,0.98,0.98,0.97,0.99,0.98,0.98,0.95,0.97
42-Clean_Breast_Cancer_Wisconsin-smote_filtered-tune_hgb.txt,42,Clean_Breast_Cancer_Wisconsin,smote_filtered,tune_hgb,0.97,0.98,0.96,0.97,0.97,0.97,0.97,0.96,1.0,0.98,1.0,0.92,0.96
42-Clean_Breast_Cancer_Wisconsin-smote_filtered-xgboost.txt,42,Clean_Breast_Cancer_Wisconsin,smote_filtered,xgboost,0.98,0.98,0.97,0.97,0.98,0.98,0.98,0.96,1.0,0.98,1.0,0.94,0.97
42-Clean_Breast_Cancer_Wisconsin-smotified_gan-random_forest.txt,42,Clean_Breast_Cancer_Wisconsin,smotified_gan,random_forest,0.95,0.96,0.94,0.95,0.95,0.95,0.95,0.95,0.98,0.96,0.97,0.91,0.94
42-Clean_Breast_Cancer_Wisconsin-smotified_gan-tune_hgb.txt,42,Clean_Breast_Cancer_Wisconsin,smotified_gan,tune_hgb,0.91,0.9,0.9,0.9,0.91,0.91,0.91,0.93,0.93,0.93,0.88,0.88,0.88
42-Clean_Breast_Cancer_Wisconsin-smotified_gan-xgboost.txt,42,Clean_Breast_Cancer_Wisconsin,smotified_gan,xgboost,0.98,0.98,0.97,0.97,0.98,0.98,0.98,0.96,1.0,0.98,1.0,0.94,0.97
42-Clean_Breast_Cancer_Wisconsin-smotified_gan_filtered-random_forest.txt,42,Clean_Breast_Cancer_Wisconsin,smotified_gan_filtered,random_forest,0.98,0.98,0.97,0.97,0.98,0.98,0.98,0.97,0.99,0.98,0.98,0.95,0.97
42-Clean_Breast_Cancer_Wisconsin-smotified_gan_filtered-tune_hgb.txt,42,Clean_Breast_Cancer_Wisconsin,smotified_gan_filtered,tune_hgb,0.9,0.89,0.9,0.89,0.9,0.9,0.9,0.92,0.92,0.92,0.86,0.88,0.87
42-Clean_Breast_Cancer_Wisconsin-smotified_gan_filtered-xgboost.txt,42,Clean_Breast_Cancer_Wisconsin,smotified_gan_filtered,xgboost,0.98,0.98,0.97,0.97,0.98,0.98,0.98,0.96,1.0,0.98,1.0,0.94,0.97
42-Clean_Breast_Cancer_Wisconsin-wgangp-random_forest.txt,42,Clean_Breast_Cancer_Wisconsin,wgangp,random_forest,0.97,0.98,0.96,0.97,0.97,0.97,0.97,0.96,1.0,0.98,1.0,0.92,0.96
42-Clean_Breast_Cancer_Wisconsin-wgangp-tune_hgb.txt,42,Clean_Breast_Cancer_Wisconsin,wgangp,tune_hgb,0.91,0.92,0.89,0.9,0.91,0.91,0.91,0.9,0.97,0.93,0.95,0.81,0.87
42-Clean_Breast_Cancer_Wisconsin-wgangp-xgboost.txt,42,Clean_Breast_Cancer_Wisconsin,wgangp,xgboost,0.97,0.98,0.96,0.97,0.97,0.97,0.97,0.96,1.0,0.98,1.0,0.92,0.96
42-Clean_Breast_Cancer_Wisconsin-wgangp_filtered-random_forest.txt,42,Clean_Breast_Cancer_Wisconsin,wgangp_filtered,random_forest,0.97,0.98,0.96,0.97,0.97,0.97,0.97,0.96,1.0,0.98,1.0,0.92,0.96
42-Clean_Breast_Cancer_Wisconsin-wgangp_filtered-tune_hgb.txt,42,Clean_Breast_Cancer_Wisconsin,wgangp_filtered,tune_hgb,0.91,0.92,0.89,0.9,0.91,0.91,0.91,0.9,0.97,0.93,0.95,0.81,0.87
42-Clean_Breast_Cancer_Wisconsin-wgangp_filtered-xgboost.txt,42,Clean_Breast_Cancer_Wisconsin,wgangp_filtered,xgboost,0.96,0.97,0.96,0.96,0.97,0.96,0.96,0.95,0.99,0.97,0.98,0.92,0.95
42-Clean_covid-baseline-lightgbm.txt,42,Clean_covid,baseline,lightgbm,0.89,0.8,0.64,0.68,0.87,0.89,0.87,0.9,0.98,0.94,0.7,0.29,0.41
42-Clean_covid-baseline-random_forest.txt,42,Clean_covid,baseline,random_forest,0.88,0.78,0.58,0.6,0.86,0.88,0.84,0.89,0.99,0.93,0.67,0.17,0.27
42-Clean_covid-baseline-tune_hgb.txt,42,Clean_covid,baseline,tune_hgb,0.89,0.77,0.69,0.72,0.88,0.89,0.88,0.91,0.96,0.94,0.62,0.42,0.5
42-Clean_covid-baseline-xgboost.txt,42,Clean_covid,baseline,xgboost,0.88,0.75,0.67,0.7,0.87,0.88,0.87,0.91,0.96,0.93,0.6,0.38,0.46
42-Clean_covid-ctgan-lightgbm.txt,42,Clean_covid,ctgan,lightgbm,0.89,0.77,0.69,0.72,0.88,0.89,0.88,0.91,0.96,0.94,0.62,0.42,0.5
42-Clean_covid-ctgan-random_forest.txt,42,Clean_covid,ctgan,random_forest,0.89,0.78,0.67,0.71,0.87,0.89,0.88,0.91,0.97,0.94,0.64,0.38,0.47
42-Clean_covid-ctgan-tune_hgb.txt,42,Clean_covid,ctgan,tune_hgb,0.89,0.79,0.65,0.69,0.87,0.89,0.87,0.9,0.97,0.94,0.67,0.33,0.44
42-Clean_covid-ctgan-xgboost.txt,42,Clean_covid,ctgan,xgboost,0.9,0.8,0.71,0.75,0.89,0.9,0.89,0.92,0.97,0.94,0.69,0.46,0.55
42-Clean_covid-ctgan_filtered-lightgbm.txt,42,Clean_covid,ctgan_filtered,lightgbm,0.88,0.77,0.63,0.67,0.86,0.88,0.86,0.9,0.97,0.94,0.64,0.29,0.4
42-Clean_covid-ctgan_filtered-random_forest.txt,42,Clean_covid,ctgan_filtered,random_forest,0.87,0.69,0.57,0.59,0.83,0.87,0.84,0.88,0.97,0.93,0.5,0.17,0.25
42-Clean_covid-ctgan_filtered-tune_hgb.txt,42,Clean_covid,ctgan_filtered,tune_hgb,0.89,0.82,0.66,0.7,0.88,0.89,0.88,0.91,0.98,0.94,0.73,0.33,0.46
42-Clean_covid-ctgan_filtered-xgboost.txt,42,Clean_covid,ctgan_filtered,xgboost,0.88,0.74,0.65,0.68,0.86,0.88,0.86,0.9,0.96,0.93,0.57,0.33,0.42
42-Clean_covid-gan_from_tutorial-random_forest.txt,42,Clean_covid,gan_from_tutorial,random_forest,0.87,0.72,0.59,0.62,0.84,0.87,0.85,0.89,0.97,0.93,0.56,0.21,0.3
42-Clean_covid-gan_from_tutorial-tune_hgb.txt,42,Clean_covid,gan_from_tutorial,tune_hgb,0.88,0.74,0.67,0.69,0.86,0.88,0.87,0.91,0.96,0.93,0.56,0.38,0.45
42-Clean_covid-gan_from_tutorial-xgboost.txt,42,Clean_covid,gan_from_tutorial,xgboost,0.89,0.8,0.67,0.71,0.88,0.89,0.88,0.91,0.97,0.94,0.69,0.38,0.49
42-Clean_covid-gan_from_tutorial_filtered-random_forest.txt,42,Clean_covid,gan_from_tutorial_filtered,random_forest,0.89,0.8,0.67,0.71,0.88,0.89,0.88,0.91,0.97,0.94,0.69,0.38,0.49
42-Clean_covid-gan_from_tutorial_filtered-tune_hgb.txt,42,Clean_covid,gan_from_tutorial_filtered,tune_hgb,0.87,0.72,0.63,0.65,0.85,0.87,0.86,0.9,0.96,0.93,0.54,0.29,0.38
42-Clean_covid-gan_from_tutorial_filtered-xgboost.txt,42,Clean_covid,gan_from_tutorial_filtered,xgboost,0.88,0.76,0.65,0.68,0.87,0.88,0.87,0.9,0.97,0.93,0.62,0.33,0.43
42-Clean_covid-gan_paper_2-random_forest.txt,42,Clean_covid,gan_paper_2,random_forest,0.86,0.66,0.57,0.58,0.82,0.86,0.83,0.88,0.97,0.92,0.44,0.17,0.24
42-Clean_covid-gan_paper_2-tune_hgb.txt,42,Clean_covid,gan_paper_2,tune_hgb,0.88,0.77,0.63,0.67,0.86,0.88,0.86,0.9,0.97,0.94,0.64,0.29,0.4
42-Clean_covid-gan_paper_2-xgboost.txt,42,Clean_covid,gan_paper_2,xgboost,0.91,0.83,0.72,0.76,0.9,0.91,0.9,0.92,0.97,0.95,0.73,0.46,0.56
42-Clean_covid-gan_paper_2_filtered-random_forest.txt,42,Clean_covid,gan_paper_2_filtered,random_forest,0.87,0.72,0.59,0.62,0.84,0.87,0.85,0.89,0.97,0.93,0.56,0.21,0.3
42-Clean_covid-gan_paper_2_filtered-tune_hgb.txt,42,Clean_covid,gan_paper_2_filtered,tune_hgb,0.88,0.74,0.63,0.66,0.86,0.88,0.86,0.9,0.97,0.93,0.58,0.29,0.39
42-Clean_covid-gan_paper_2_filtered-xgboost.txt,42,Clean_covid,gan_paper_2_filtered,xgboost,0.88,0.75,0.61,0.64,0.85,0.88,0.86,0.89,0.97,0.93,0.6,0.25,0.35
42-Clean_covid-smote-random_forest.txt,42,Clean_covid,smote,random_forest,0.89,0.78,0.73,0.75,0.89,0.89,0.89,0.93,0.96,0.94,0.63,0.5,0.56
42-Clean_covid-smote-tune_hgb.txt,42,Clean_covid,smote,tune_hgb,0.78,0.48,0.48,0.48,0.76,0.78,0.77,0.86,0.88,0.87,0.1,0.08,0.09
42-Clean_covid-smote-xgboost.txt,42,Clean_covid,smote,xgboost,0.9,0.8,0.73,0.76,0.89,0.9,0.89,0.93,0.96,0.94,0.67,0.5,0.57
42-Clean_covid-smote_filtered-random_forest.txt,42,Clean_covid,smote_filtered,random_forest,0.89,0.78,0.71,0.74,0.88,0.89,0.89,0.92,0.96,0.94,0.65,0.46,0.54
42-Clean_covid-smote_filtered-tune_hgb.txt,42,Clean_covid,smote_filtered,tune_hgb,0.89,0.78,0.71,0.74,0.88,0.89,0.89,0.92,0.96,0.94,0.65,0.46,0.54
42-Clean_covid-smote_filtered-xgboost.txt,42,Clean_covid,smote_filtered,xgboost,0.92,0.83,0.79,0.81,0.91,0.92,0.91,0.94,0.96,0.95,0.71,0.62,0.67
42-Clean_covid-smotified_gan-random_forest.txt,42,Clean_covid,smotified_gan,random_forest,0.87,0.73,0.57,0.59,0.84,0.87,0.84,0.88,0.98,0.93,0.57,0.17,0.26
42-Clean_covid-smotified_gan-tune_hgb.txt,42,Clean_covid,smotified_gan,tune_hgb,0.87,0.72,0.64,0.67,0.85,0.87,0.86,0.9,0.96,0.93,0.53,0.33,0.41
42-Clean_covid-smotified_gan-xgboost.txt,42,Clean_covid,smotified_gan,xgboost,0.89,0.82,0.66,0.7,0.88,0.89,0.88,0.91,0.98,0.94,0.73,0.33,0.46
42-Clean_covid-smotified_gan_filtered-random_forest.txt,42,Clean_covid,smotified_gan_filtered,random_forest,0.88,0.75,0.61,0.64,0.85,0.88,0.86,0.89,0.97,0.93,0.6,0.25,0.35
42-Clean_covid-smotified_gan_filtered-tune_hgb.txt,42,Clean_covid,smotified_gan_filtered,tune_hgb,0.88,0.74,0.63,0.66,0.86,0.88,0.86,0.9,0.97,0.93,0.58,0.29,0.39
42-Clean_covid-smotified_gan_filtered-xgboost.txt,42,Clean_covid,smotified_gan_filtered,xgboost,0.89,0.8,0.67,0.71,0.88,0.89,0.88,0.91,0.97,0.94,0.69,0.38,0.49
42-Clean_covid-wgangp-random_forest.txt,42,Clean_covid,wgangp,random_forest,0.88,0.78,0.58,0.6,0.86,0.88,0.84,0.89,0.99,0.93,0.67,0.17,0.27
42-Clean_covid-wgangp-tune_hgb.txt,42,Clean_covid,wgangp,tune_hgb,0.89,0.79,0.65,0.69,0.87,0.89,0.87,0.9,0.97,0.94,0.67,0.33,0.44
42-Clean_covid-wgangp-xgboost.txt,42,Clean_covid,wgangp,xgboost,0.89,0.8,0.64,0.68,0.87,0.89,0.87,0.9,0.98,0.94,0.7,0.29,0.41
42-Clean_covid-wgangp_filtered-random_forest.txt,42,Clean_covid,wgangp_filtered,random_forest,0.87,0.69,0.57,0.59,0.83,0.87,0.84,0.88,0.97,0.93,0.5,0.17,0.25
42-Clean_covid-wgangp_filtered-tune_hgb.txt,42,Clean_covid,wgangp_filtered,tune_hgb,0.89,0.77,0.71,0.73,0.88,0.89,0.88,0.92,0.96,0.94,0.61,0.46,0.52
42-Clean_covid-wgangp_filtered-xgboost.txt,42,Clean_covid,wgangp_filtered,xgboost,0.88,0.78,0.62,0.65,0.86,0.88,0.86,0.89,0.98,0.94,0.67,0.25,0.36
42-Clean_creditcard-baseline-lightgbm.txt,42,Clean_creditcard,baseline,lightgbm,1.0,0.94,0.85,0.89,1.0,1.0,1.0,1.0,1.0,1.0,0.88,0.7,0.78
42-Clean_creditcard-baseline-random_forest.txt,42,Clean_creditcard,baseline,random_forest,1.0,0.96,0.87,0.91,1.0,1.0,1.0,1.0,1.0,1.0,0.91,0.75,0.82
42-Clean_creditcard-baseline-tune_hgb.txt,42,Clean_creditcard,baseline,tune_hgb,1.0,0.95,0.88,0.91,1.0,1.0,1.0,1.0,1.0,1.0,0.89,0.75,0.82
42-Clean_creditcard-baseline-xgboost.txt,42,Clean_creditcard,baseline,xgboost,1.0,0.96,0.89,0.92,1.0,1.0,1.0,1.0,1.0,1.0,0.92,0.78,0.84
42-Clean_creditcard-ctgan-lightgbm.txt,42,Clean_creditcard,ctgan,lightgbm,1.0,0.94,0.9,0.92,1.0,1.0,1.0,1.0,1.0,1.0,0.88,0.8,0.84
42-Clean_creditcard-ctgan-random_forest.txt,42,Clean_creditcard,ctgan,random_forest,1.0,0.91,0.9,0.91,1.0,1.0,1.0,1.0,1.0,1.0,0.82,0.8,0.81
42-Clean_creditcard-ctgan-tune_hgb.txt,42,Clean_creditcard,ctgan,tune_hgb,1.0,0.92,0.9,0.91,1.0,1.0,1.0,1.0,1.0,1.0,0.85,0.8,0.82
42-Clean_creditcard-ctgan-xgboost.txt,42,Clean_creditcard,ctgan,xgboost,1.0,0.93,0.9,0.91,1.0,1.0,1.0,1.0,1.0,1.0,0.86,0.8,0.83
42-Clean_creditcard-ctgan_filtered-lightgbm.txt,42,Clean_creditcard,ctgan_filtered,lightgbm,1.0,0.93,0.89,0.91,1.0,1.0,1.0,1.0,1.0,1.0,0.87,0.77,0.82
42-Clean_creditcard-ctgan_filtered-random_forest.txt,42,Clean_creditcard,ctgan_filtered,random_forest,1.0,0.93,0.89,0.91,1.0,1.0,1.0,1.0,1.0,1.0,0.86,0.78,0.82
42-Clean_creditcard-ctgan_filtered-tune_hgb.txt,42,Clean_creditcard,ctgan_filtered,tune_hgb,1.0,0.93,0.89,0.91,1.0,1.0,1.0,1.0,1.0,1.0,0.87,0.77,0.82
42-Clean_creditcard-ctgan_filtered-xgboost.txt,42,Clean_creditcard,ctgan_filtered,xgboost,1.0,0.94,0.88,0.91,1.0,1.0,1.0,1.0,1.0,1.0,0.89,0.77,0.82
42-Clean_creditcard-gan_from_tutorial-random_forest.txt,42,Clean_creditcard,gan_from_tutorial,random_forest,1.0,0.93,0.89,0.91,1.0,1.0,1.0,1.0,1.0,1.0,0.86,0.77,0.81
42-Clean_creditcard-gan_from_tutorial-tune_hgb.txt,42,Clean_creditcard,gan_from_tutorial,tune_hgb,1.0,0.96,0.88,0.92,1.0,1.0,1.0,1.0,1.0,1.0,0.92,0.76,0.83
42-Clean_creditcard-gan_from_tutorial-xgboost.txt,42,Clean_creditcard,gan_from_tutorial,xgboost,1.0,0.95,0.88,0.91,1.0,1.0,1.0,1.0,1.0,1.0,0.89,0.76,0.82
42-Clean_creditcard-gan_from_tutorial_filtered-random_forest.txt,42,Clean_creditcard,gan_from_tutorial_filtered,random_forest,1.0,0.95,0.88,0.91,1.0,1.0,1.0,1.0,1.0,1.0,0.9,0.75,0.82
42-Clean_creditcard-gan_from_tutorial_filtered-tune_hgb.txt,42,Clean_creditcard,gan_from_tutorial_filtered,tune_hgb,1.0,0.97,0.81,0.88,1.0,1.0,1.0,1.0,1.0,1.0,0.94,0.63,0.75
42-Clean_creditcard-gan_from_tutorial_filtered-xgboost.txt,42,Clean_creditcard,gan_from_tutorial_filtered,xgboost,1.0,0.96,0.86,0.9,1.0,1.0,1.0,1.0,1.0,1.0,0.91,0.73,0.81
42-Clean_creditcard-gan_paper_2-random_forest.txt,42,Clean_creditcard,gan_paper_2,random_forest,1.0,0.85,0.87,0.86,1.0,1.0,1.0,1.0,1.0,1.0,0.7,0.75,0.72
42-Clean_creditcard-gan_paper_2-tune_hgb.txt,42,Clean_creditcard,gan_paper_2,tune_hgb,1.0,0.93,0.89,0.91,1.0,1.0,1.0,1.0,1.0,1.0,0.87,0.79,0.83
42-Clean_creditcard-gan_paper_2-xgboost.txt,42,Clean_creditcard,gan_paper_2,xgboost,1.0,0.94,0.89,0.91,1.0,1.0,1.0,1.0,1.0,1.0,0.88,0.78,0.83
42-Clean_creditcard-gan_paper_2_filtered-random_forest.txt,42,Clean_creditcard,gan_paper_2_filtered,random_forest,1.0,0.96,0.88,0.91,1.0,1.0,1.0,1.0,1.0,1.0,0.92,0.75,0.83
42-Clean_creditcard-gan_paper_2_filtered-tune_hgb.txt,42,Clean_creditcard,gan_paper_2_filtered,tune_hgb,1.0,0.96,0.82,0.88,1.0,1.0,1.0,1.0,1.0,1.0,0.93,0.64,0.76
42-Clean_creditcard-gan_paper_2_filtered-xgboost.txt,42,Clean_creditcard,gan_paper_2_filtered,xgboost,1.0,0.94,0.86,0.9,1.0,1.0,1.0,1.0,1.0,1.0,0.89,0.72,0.79
42-Clean_creditcard-smote-random_forest.txt,42,Clean_creditcard,smote,random_forest,1.0,0.93,0.88,0.9,1.0,1.0,1.0,1.0,1.0,1.0,0.86,0.76,0.81
42-Clean_creditcard-smote-tune_hgb.txt,42,Clean_creditcard,smote,tune_hgb,1.0,0.81,0.89,0.85,1.0,1.0,1.0,1.0,1.0,1.0,0.63,0.79,0.7
42-Clean_creditcard-smote-xgboost.txt,42,Clean_creditcard,smote,xgboost,1.0,0.89,0.9,0.9,1.0,1.0,1.0,1.0,1.0,1.0,0.78,0.81,0.79
42-Clean_creditcard-smote_filtered-random_forest.txt,42,Clean_creditcard,smote_filtered,random_forest,1.0,0.93,0.88,0.9,1.0,1.0,1.0,1.0,1.0,1.0,0.86,0.76,0.81
42-Clean_creditcard-smote_filtered-tune_hgb.txt,42,Clean_creditcard,smote_filtered,tune_hgb,1.0,0.78,0.9,0.83,1.0,1.0,1.0,1.0,1.0,1.0,0.56,0.8,0.66
42-Clean_creditcard-smote_filtered-xgboost.txt,42,Clean_creditcard,smote_filtered,xgboost,1.0,0.85,0.9,0.87,1.0,1.0,1.0,1.0,1.0,1.0,0.7,0.8,0.75
42-Clean_creditcard-smotified_gan-random_forest.txt,42,Clean_creditcard,smotified_gan,random_forest,1.0,0.96,0.86,0.9,1.0,1.0,1.0,1.0,1.0,1.0,0.91,0.72,0.8
42-Clean_creditcard-smotified_gan-tune_hgb.txt,42,Clean_creditcard,smotified_gan,tune_hgb,1.0,0.96,0.87,0.91,1.0,1.0,1.0,1.0,1.0,1.0,0.91,0.74,0.82
42-Clean_creditcard-smotified_gan-xgboost.txt,42,Clean_creditcard,smotified_gan,xgboost,1.0,0.96,0.88,0.92,1.0,1.0,1.0,1.0,1.0,1.0,0.92,0.77,0.84
42-Clean_creditcard-smotified_gan_filtered-random_forest.txt,42,Clean_creditcard,smotified_gan_filtered,random_forest,1.0,0.96,0.88,0.91,1.0,1.0,1.0,1.0,1.0,1.0,0.92,0.75,0.83
42-Clean_creditcard-smotified_gan_filtered-tune_hgb.txt,42,Clean_creditcard,smotified_gan_filtered,tune_hgb,1.0,0.96,0.82,0.88,1.0,1.0,1.0,1.0,1.0,1.0,0.93,0.64,0.76
42-Clean_creditcard-smotified_gan_filtered-xgboost.txt,42,Clean_creditcard,smotified_gan_filtered,xgboost,1.0,0.94,0.86,0.9,1.0,1.0,1.0,1.0,1.0,1.0,0.89,0.72,0.79
42-Clean_creditcard-wgangp-random_forest.txt,42,Clean_creditcard,wgangp,random_forest,1.0,0.96,0.87,0.91,1.0,1.0,1.0,1.0,1.0,1.0,0.93,0.73,0.82
42-Clean_creditcard-wgangp-tune_hgb.txt,42,Clean_creditcard,wgangp,tune_hgb,1.0,0.96,0.87,0.91,1.0,1.0,1.0,1.0,1.0,1.0,0.92,0.75,0.82
42-Clean_creditcard-wgangp-xgboost.txt,42,Clean_creditcard,wgangp,xgboost,1.0,0.95,0.88,0.91,1.0,1.0,1.0,1.0,1.0,1.0,0.9,0.76,0.82
42-Clean_creditcard-wgangp_filtered-random_forest.txt,42,Clean_creditcard,wgangp_filtered,random_forest,1.0,0.97,0.86,0.91,1.0,1.0,1.0,1.0,1.0,1.0,0.94,0.72,0.81
42-Clean_creditcard-wgangp_filtered-tune_hgb.txt,42,Clean_creditcard,wgangp_filtered,tune_hgb,1.0,0.96,0.87,0.91,1.0,1.0,1.0,1.0,1.0,1.0,0.93,0.75,0.83
42-Clean_creditcard-wgangp_filtered-xgboost.txt,42,Clean_creditcard,wgangp_filtered,xgboost,1.0,0.95,0.88,0.91,1.0,1.0,1.0,1.0,1.0,1.0,0.9,0.77,0.83
42-Clean_DDos-baseline-lightgbm.txt,42,Clean_DDos,baseline,lightgbm,1.0,1.0,1.0,1.0,1.0,1.0,1.0,1.0,1.0,1.0,1.0,1.0,1.0
42-Clean_DDos-baseline-random_forest.txt,42,Clean_DDos,baseline,random_forest,1.0,1.0,1.0,1.0,1.0,1.0,1.0,1.0,1.0,1.0,1.0,1.0,1.0
42-Clean_DDos-baseline-tune_hgb.txt,42,Clean_DDos,baseline,tune_hgb,1.0,1.0,1.0,1.0,1.0,1.0,1.0,1.0,1.0,1.0,1.0,1.0,1.0
42-Clean_DDos-baseline-xgboost.txt,42,Clean_DDos,baseline,xgboost,1.0,1.0,1.0,1.0,1.0,1.0,1.0,1.0,1.0,1.0,1.0,1.0,1.0
42-Clean_DDos-ctgan-lightgbm.txt,42,Clean_DDos,ctgan,lightgbm,1.0,1.0,1.0,1.0,1.0,1.0,1.0,1.0,1.0,1.0,1.0,1.0,1.0
42-Clean_DDos-ctgan-random_forest.txt,42,Clean_DDos,ctgan,random_forest,1.0,1.0,1.0,1.0,1.0,1.0,1.0,1.0,1.0,1.0,1.0,1.0,1.0
42-Clean_DDos-ctgan-tune_hgb.txt,42,Clean_DDos,ctgan,tune_hgb,1.0,1.0,1.0,1.0,1.0,1.0,1.0,1.0,1.0,1.0,1.0,1.0,1.0
42-Clean_DDos-ctgan-xgboost.txt,42,Clean_DDos,ctgan,xgboost,1.0,1.0,1.0,1.0,1.0,1.0,1.0,1.0,1.0,1.0,1.0,1.0,1.0
42-Clean_DDos-ctgan_filtered-lightgbm.txt,42,Clean_DDos,ctgan_filtered,lightgbm,1.0,1.0,1.0,1.0,1.0,1.0,1.0,1.0,1.0,1.0,1.0,1.0,1.0
42-Clean_DDos-ctgan_filtered-random_forest.txt,42,Clean_DDos,ctgan_filtered,random_forest,1.0,1.0,1.0,1.0,1.0,1.0,1.0,1.0,1.0,1.0,1.0,1.0,1.0
42-Clean_DDos-ctgan_filtered-tune_hgb.txt,42,Clean_DDos,ctgan_filtered,tune_hgb,1.0,1.0,1.0,1.0,1.0,1.0,1.0,1.0,1.0,1.0,1.0,1.0,1.0
42-Clean_DDos-ctgan_filtered-xgboost.txt,42,Clean_DDos,ctgan_filtered,xgboost,1.0,1.0,1.0,1.0,1.0,1.0,1.0,1.0,1.0,1.0,1.0,1.0,1.0
42-Clean_DDos-gan_from_tutorial-random_forest.txt,42,Clean_DDos,gan_from_tutorial,random_forest,1.0,1.0,1.0,1.0,1.0,1.0,1.0,1.0,1.0,1.0,1.0,1.0,1.0
42-Clean_DDos-gan_from_tutorial-tune_hgb.txt,42,Clean_DDos,gan_from_tutorial,tune_hgb,0.65,0.71,0.68,0.65,0.74,0.65,0.64,0.56,0.91,0.69,0.87,0.46,0.6
42-Clean_DDos-gan_from_tutorial-xgboost.txt,42,Clean_DDos,gan_from_tutorial,xgboost,1.0,1.0,1.0,1.0,1.0,1.0,1.0,1.0,1.0,1.0,1.0,1.0,1.0
42-Clean_DDos-gan_from_tutorial_filtered-random_forest.txt,42,Clean_DDos,gan_from_tutorial_filtered,random_forest,1.0,1.0,1.0,1.0,1.0,1.0,1.0,1.0,1.0,1.0,1.0,1.0,1.0
42-Clean_DDos-gan_from_tutorial_filtered-tune_hgb.txt,42,Clean_DDos,gan_from_tutorial_filtered,tune_hgb,1.0,1.0,1.0,1.0,1.0,1.0,1.0,1.0,1.0,1.0,1.0,1.0,1.0
42-Clean_DDos-gan_from_tutorial_filtered-xgboost.txt,42,Clean_DDos,gan_from_tutorial_filtered,xgboost,1.0,1.0,1.0,1.0,1.0,1.0,1.0,1.0,1.0,1.0,1.0,1.0,1.0
42-Clean_DDos-gan_paper_2-random_forest.txt,42,Clean_DDos,gan_paper_2,random_forest,1.0,1.0,1.0,1.0,1.0,1.0,1.0,1.0,1.0,1.0,1.0,1.0,1.0
42-Clean_DDos-gan_paper_2-tune_hgb.txt,42,Clean_DDos,gan_paper_2,tune_hgb,1.0,1.0,1.0,1.0,1.0,1.0,1.0,1.0,1.0,1.0,1.0,1.0,1.0
42-Clean_DDos-gan_paper_2-xgboost.txt,42,Clean_DDos,gan_paper_2,xgboost,1.0,1.0,1.0,1.0,1.0,1.0,1.0,1.0,1.0,1.0,1.0,1.0,1.0
42-Clean_DDos-gan_paper_2_filtered-random_forest.txt,42,Clean_DDos,gan_paper_2_filtered,random_forest,1.0,1.0,1.0,1.0,1.0,1.0,1.0,1.0,1.0,1.0,1.0,1.0,1.0
42-Clean_DDos-gan_paper_2_filtered-tune_hgb.txt,42,Clean_DDos,gan_paper_2_filtered,tune_hgb,1.0,1.0,1.0,1.0,1.0,1.0,1.0,1.0,1.0,1.0,1.0,1.0,1.0
42-Clean_DDos-gan_paper_2_filtered-xgboost.txt,42,Clean_DDos,gan_paper_2_filtered,xgboost,1.0,1.0,1.0,1.0,1.0,1.0,1.0,1.0,1.0,1.0,1.0,1.0,1.0
42-Clean_DDos-smote-random_forest.txt,42,Clean_DDos,smote,random_forest,1.0,1.0,1.0,1.0,1.0,1.0,1.0,1.0,1.0,1.0,1.0,1.0,1.0
42-Clean_DDos-smote-tune_hgb.txt,42,Clean_DDos,smote,tune_hgb,1.0,1.0,1.0,1.0,1.0,1.0,1.0,1.0,1.0,1.0,1.0,1.0,1.0
42-Clean_DDos-smote-xgboost.txt,42,Clean_DDos,smote,xgboost,1.0,1.0,1.0,1.0,1.0,1.0,1.0,1.0,1.0,1.0,1.0,1.0,1.0
42-Clean_DDos-smote_filtered-random_forest.txt,42,Clean_DDos,smote_filtered,random_forest,1.0,1.0,1.0,1.0,1.0,1.0,1.0,1.0,1.0,1.0,1.0,1.0,1.0
42-Clean_DDos-smote_filtered-tune_hgb.txt,42,Clean_DDos,smote_filtered,tune_hgb,1.0,1.0,1.0,1.0,1.0,1.0,1.0,1.0,1.0,1.0,1.0,1.0,1.0
42-Clean_DDos-smote_filtered-xgboost.txt,42,Clean_DDos,smote_filtered,xgboost,1.0,1.0,1.0,1.0,1.0,1.0,1.0,1.0,1.0,1.0,1.0,1.0,1.0
42-Clean_DDos-smotified_gan-random_forest.txt,42,Clean_DDos,smotified_gan,random_forest,1.0,1.0,1.0,1.0,1.0,1.0,1.0,1.0,1.0,1.0,1.0,1.0,1.0
42-Clean_DDos-smotified_gan-tune_hgb.txt,42,Clean_DDos,smotified_gan,tune_hgb,1.0,1.0,1.0,1.0,1.0,1.0,1.0,1.0,1.0,1.0,1.0,1.0,1.0
42-Clean_DDos-smotified_gan-xgboost.txt,42,Clean_DDos,smotified_gan,xgboost,1.0,1.0,1.0,1.0,1.0,1.0,1.0,1.0,1.0,1.0,1.0,1.0,1.0
42-Clean_DDos-smotified_gan_filtered-random_forest.txt,42,Clean_DDos,smotified_gan_filtered,random_forest,1.0,1.0,1.0,1.0,1.0,1.0,1.0,1.0,1.0,1.0,1.0,1.0,1.0
42-Clean_DDos-smotified_gan_filtered-tune_hgb.txt,42,Clean_DDos,smotified_gan_filtered,tune_hgb,1.0,1.0,1.0,1.0,1.0,1.0,1.0,1.0,1.0,1.0,1.0,1.0,1.0
42-Clean_DDos-smotified_gan_filtered-xgboost.txt,42,Clean_DDos,smotified_gan_filtered,xgboost,1.0,1.0,1.0,1.0,1.0,1.0,1.0,1.0,1.0,1.0,1.0,1.0,1.0
42-Clean_DDos-wgangp-random_forest.txt,42,Clean_DDos,wgangp,random_forest,1.0,1.0,1.0,1.0,1.0,1.0,1.0,1.0,1.0,1.0,1.0,1.0,1.0
42-Clean_DDos-wgangp-tune_hgb.txt,42,Clean_DDos,wgangp,tune_hgb,1.0,1.0,1.0,1.0,1.0,1.0,1.0,1.0,1.0,1.0,1.0,1.0,1.0
42-Clean_DDos-wgangp-xgboost.txt,42,Clean_DDos,wgangp,xgboost,1.0,1.0,1.0,1.0,1.0,1.0,1.0,1.0,1.0,1.0,1.0,1.0,1.0
42-Clean_DDos-wgangp_filtered-random_forest.txt,42,Clean_DDos,wgangp_filtered,random_forest,1.0,1.0,1.0,1.0,1.0,1.0,1.0,1.0,1.0,1.0,1.0,1.0,1.0
42-Clean_DDos-wgangp_filtered-tune_hgb.txt,42,Clean_DDos,wgangp_filtered,tune_hgb,1.0,1.0,1.0,1.0,1.0,1.0,1.0,1.0,1.0,1.0,1.0,1.0,1.0
42-Clean_DDos-wgangp_filtered-xgboost.txt,42,Clean_DDos,wgangp_filtered,xgboost,1.0,1.0,1.0,1.0,1.0,1.0,1.0,1.0,1.0,1.0,1.0,1.0,1.0
42-Clean_haberman-baseline-lightgbm.txt,42,Clean_haberman,baseline,lightgbm,0.66,0.53,0.53,0.53,0.64,0.66,0.65,0.75,0.81,0.78,0.32,0.25,0.28
42-Clean_haberman-baseline-random_forest.txt,42,Clean_haberman,baseline,random_forest,0.62,0.5,0.5,0.5,0.61,0.62,0.62,0.74,0.75,0.74,0.26,0.25,0.26
42-Clean_haberman-baseline-tune_hgb.txt,42,Clean_haberman,baseline,tune_hgb,0.63,0.49,0.49,0.49,0.61,0.63,0.62,0.74,0.78,0.76,0.25,0.21,0.23
42-Clean_haberman-baseline-xgboost.txt,42,Clean_haberman,baseline,xgboost,0.66,0.52,0.52,0.51,0.63,0.66,0.64,0.75,0.82,0.78,0.29,0.21,0.24
42-Clean_haberman-ctgan-lightgbm.txt,42,Clean_haberman,ctgan,lightgbm,0.63,0.55,0.56,0.55,0.66,0.63,0.64,0.77,0.71,0.74,0.33,0.42,0.37
42-Clean_haberman-ctgan-random_forest.txt,42,Clean_haberman,ctgan,random_forest,0.65,0.58,0.59,0.58,0.68,0.65,0.66,0.79,0.72,0.75,0.37,0.46,0.41
42-Clean_haberman-ctgan-tune_hgb.txt,42,Clean_haberman,ctgan,tune_hgb,0.74,0.37,0.5,0.42,0.55,0.74,0.63,0.74,1.0,0.85,0.0,0.0,0.0
42-Clean_haberman-ctgan-xgboost.txt,42,Clean_haberman,ctgan,xgboost,0.66,0.52,0.52,0.51,0.63,0.66,0.64,0.75,0.82,0.78,0.29,0.21,0.24
42-Clean_haberman-ctgan_filtered-lightgbm.txt,42,Clean_haberman,ctgan_filtered,lightgbm,0.64,0.56,0.57,0.56,0.66,0.64,0.65,0.78,0.72,0.75,0.34,0.42,0.38
42-Clean_haberman-ctgan_filtered-random_forest.txt,42,Clean_haberman,ctgan_filtered,random_forest,0.63,0.55,0.56,0.55,0.66,0.63,0.64,0.77,0.71,0.74,0.33,0.42,0.37
42-Clean_haberman-ctgan_filtered-tune_hgb.txt,42,Clean_haberman,ctgan_filtered,tune_hgb,0.32,0.56,0.52,0.29,0.7,0.32,0.23,0.86,0.09,0.16,0.27,0.96,0.42
42-Clean_haberman-ctgan_filtered-xgboost.txt,42,Clean_haberman,ctgan_filtered,xgboost,0.7,0.58,0.56,0.57,0.67,0.7,0.68,0.77,0.84,0.8,0.39,0.29,0.33
42-Clean_haberman-gan_from_tutorial-random_forest.txt,42,Clean_haberman,gan_from_tutorial,random_forest,0.66,0.56,0.56,0.56,0.66,0.66,0.66,0.77,0.78,0.77,0.35,0.33,0.34
42-Clean_haberman-gan_from_tutorial-tune_hgb.txt,42,Clean_haberman,gan_from_tutorial,tune_hgb,0.74,0.37,0.5,0.42,0.55,0.74,0.63,0.74,1.0,0.85,0.0,0.0,0.0
42-Clean_haberman-gan_from_tutorial-xgboost.txt,42,Clean_haberman,gan_from_tutorial,xgboost,0.66,0.52,0.52,0.51,0.63,0.66,0.64,0.75,0.82,0.78,0.29,0.21,0.24
42-Clean_haberman-gan_from_tutorial_filtered-random_forest.txt,42,Clean_haberman,gan_from_tutorial_filtered,random_forest,0.61,0.54,0.55,0.54,0.65,0.61,0.62,0.77,0.68,0.72,0.31,0.42,0.36
42-Clean_haberman-gan_from_tutorial_filtered-tune_hgb.txt,42,Clean_haberman,gan_from_tutorial_filtered,tune_hgb,0.66,0.6,0.61,0.6,0.69,0.66,0.68,0.8,0.72,0.76,0.39,0.5,0.44
42-Clean_haberman-gan_from_tutorial_filtered-xgboost.txt,42,Clean_haberman,gan_from_tutorial_filtered,xgboost,0.66,0.55,0.54,0.54,0.65,0.66,0.66,0.76,0.79,0.78,0.33,0.29,0.31
42-Clean_haberman-gan_paper_2-random_forest.txt,42,Clean_haberman,gan_paper_2,random_forest,0.64,0.55,0.56,0.55,0.66,0.64,0.65,0.77,0.74,0.75,0.33,0.38,0.35
42-Clean_haberman-gan_paper_2-tune_hgb.txt,42,Clean_haberman,gan_paper_2,tune_hgb,0.65,0.53,0.52,0.52,0.63,0.65,0.64,0.75,0.79,0.77,0.3,0.25,0.27
42-Clean_haberman-gan_paper_2-xgboost.txt,42,Clean_haberman,gan_paper_2,xgboost,0.66,0.56,0.56,0.56,0.66,0.66,0.66,0.77,0.78,0.77,0.35,0.33,0.34
42-Clean_haberman-gan_paper_2_filtered-random_forest.txt,42,Clean_haberman,gan_paper_2_filtered,random_forest,0.65,0.57,0.58,0.57,0.67,0.65,0.66,0.78,0.74,0.76,0.36,0.42,0.38
42-Clean_haberman-gan_paper_2_filtered-tune_hgb.txt,42,Clean_haberman,gan_paper_2_filtered,tune_hgb,0.74,0.37,0.5,0.42,0.55,0.74,0.63,0.74,1.0,0.85,0.0,0.0,0.0
42-Clean_haberman-gan_paper_2_filtered-xgboost.txt,42,Clean_haberman,gan_paper_2_filtered,xgboost,0.66,0.55,0.54,0.54,0.65,0.66,0.66,0.76,0.79,0.78,0.33,0.29,0.31
42-Clean_haberman-smote-random_forest.txt,42,Clean_haberman,smote,random_forest,0.66,0.57,0.57,0.57,0.67,0.66,0.67,0.78,0.76,0.77,0.36,0.38,0.37
42-Clean_haberman-smote-tune_hgb.txt,42,Clean_haberman,smote,tune_hgb,0.74,0.37,0.5,0.42,0.55,0.74,0.63,0.74,1.0,0.85,0.0,0.0,0.0
42-Clean_haberman-smote-xgboost.txt,42,Clean_haberman,smote,xgboost,0.64,0.53,0.53,0.53,0.64,0.64,0.64,0.75,0.76,0.76,0.3,0.29,0.3
42-Clean_haberman-smote_filtered-random_forest.txt,42,Clean_haberman,smote_filtered,random_forest,0.66,0.56,0.56,0.56,0.66,0.66,0.66,0.77,0.78,0.77,0.35,0.33,0.34
42-Clean_haberman-smote_filtered-tune_hgb.txt,42,Clean_haberman,smote_filtered,tune_hgb,0.74,0.37,0.5,0.42,0.55,0.74,0.63,0.74,1.0,0.85,0.0,0.0,0.0
42-Clean_haberman-smote_filtered-xgboost.txt,42,Clean_haberman,smote_filtered,xgboost,0.67,0.58,0.58,0.58,0.67,0.67,0.67,0.78,0.78,0.78,0.38,0.38,0.38
42-Clean_haberman-smotified_gan-random_forest.txt,42,Clean_haberman,smotified_gan,random_forest,0.64,0.54,0.54,0.54,0.65,0.64,0.64,0.76,0.75,0.76,0.32,0.33,0.33
42-Clean_haberman-smotified_gan-tune_hgb.txt,42,Clean_haberman,smotified_gan,tune_hgb,0.74,0.37,0.5,0.42,0.55,0.74,0.63,0.74,1.0,0.85,0.0,0.0,0.0
42-Clean_haberman-smotified_gan-xgboost.txt,42,Clean_haberman,smotified_gan,xgboost,0.64,0.5,0.5,0.5,0.62,0.64,0.63,0.74,0.79,0.77,0.26,0.21,0.23
42-Clean_haberman-smotified_gan_filtered-random_forest.txt,42,Clean_haberman,smotified_gan_filtered,random_forest,0.68,0.6,0.6,0.6,0.69,0.68,0.69,0.79,0.78,0.79,0.4,0.42,0.41
42-Clean_haberman-smotified_gan_filtered-tune_hgb.txt,42,Clean_haberman,smotified_gan_filtered,tune_hgb,0.74,0.37,0.5,0.42,0.55,0.74,0.63,0.74,1.0,0.85,0.0,0.0,0.0
42-Clean_haberman-smotified_gan_filtered-xgboost.txt,42,Clean_haberman,smotified_gan_filtered,xgboost,0.66,0.53,0.53,0.53,0.64,0.66,0.65,0.75,0.81,0.78,0.32,0.25,0.28
42-Clean_haberman-wgangp-random_forest.txt,42,Clean_haberman,wgangp,random_forest,0.64,0.53,0.53,0.53,0.64,0.64,0.64,0.75,0.76,0.76,0.3,0.29,0.3
42-Clean_haberman-wgangp-tune_hgb.txt,42,Clean_haberman,wgangp,tune_hgb,0.67,0.49,0.5,0.48,0.61,0.67,0.63,0.74,0.87,0.8,0.25,0.12,0.17
42-Clean_haberman-wgangp-xgboost.txt,42,Clean_haberman,wgangp,xgboost,0.64,0.5,0.5,0.5,0.62,0.64,0.63,0.74,0.79,0.77,0.26,0.21,0.23
42-Clean_haberman-wgangp_filtered-random_forest.txt,42,Clean_haberman,wgangp_filtered,random_forest,0.68,0.58,0.57,0.57,0.67,0.68,0.68,0.77,0.81,0.79,0.38,0.33,0.36
42-Clean_haberman-wgangp_filtered-tune_hgb.txt,42,Clean_haberman,wgangp_filtered,tune_hgb,0.67,0.49,0.5,0.48,0.61,0.67,0.63,0.74,0.87,0.8,0.25,0.12,0.17
42-Clean_haberman-wgangp_filtered-xgboost.txt,42,Clean_haberman,wgangp_filtered,xgboost,0.66,0.5,0.5,0.5,0.62,0.66,0.63,0.74,0.84,0.79,0.27,0.17,0.21
42-Clean_heart-baseline-lightgbm.txt,42,Clean_heart,baseline,lightgbm,0.88,0.88,0.88,0.88,0.88,0.88,0.88,0.86,0.87,0.87,0.89,0.89,0.89
42-Clean_heart-baseline-random_forest.txt,42,Clean_heart,baseline,random_forest,0.91,0.91,0.9,0.9,0.91,0.91,0.91,0.91,0.88,0.89,0.9,0.93,0.92
42-Clean_heart-baseline-tune_hgb.txt,42,Clean_heart,baseline,tune_hgb,0.9,0.9,0.9,0.9,0.9,0.9,0.9,0.89,0.89,0.89,0.91,0.91,0.91
42-Clean_heart-baseline-xgboost.txt,42,Clean_heart,baseline,xgboost,0.89,0.89,0.89,0.89,0.89,0.89,0.89,0.87,0.88,0.87,0.9,0.9,0.9
42-Clean_heart-ctgan-lightgbm.txt,42,Clean_heart,ctgan,lightgbm,0.88,0.88,0.88,0.88,0.88,0.88,0.88,0.85,0.89,0.87,0.91,0.88,0.89
42-Clean_heart-ctgan-random_forest.txt,42,Clean_heart,ctgan,random_forest,0.88,0.89,0.88,0.88,0.89,0.88,0.88,0.91,0.82,0.86,0.87,0.93,0.9
42-Clean_heart-ctgan-tune_hgb.txt,42,Clean_heart,ctgan,tune_hgb,0.89,0.89,0.89,0.89,0.9,0.89,0.9,0.87,0.89,0.88,0.91,0.9,0.9
42-Clean_heart-ctgan-xgboost.txt,42,Clean_heart,ctgan,xgboost,0.89,0.89,0.89,0.89,0.9,0.89,0.9,0.87,0.89,0.88,0.91,0.9,0.9
42-Clean_heart-ctgan_filtered-lightgbm.txt,42,Clean_heart,ctgan_filtered,lightgbm,0.88,0.88,0.89,0.88,0.89,0.88,0.88,0.85,0.89,0.87,0.91,0.88,0.89
42-Clean_heart-ctgan_filtered-random_forest.txt,42,Clean_heart,ctgan_filtered,random_forest,0.88,0.88,0.88,0.88,0.88,0.88,0.88,0.88,0.85,0.87,0.89,0.91,0.9
42-Clean_heart-ctgan_filtered-tune_hgb.txt,42,Clean_heart,ctgan_filtered,tune_hgb,0.86,0.86,0.86,0.86,0.86,0.86,0.86,0.84,0.85,0.84,0.88,0.87,0.87
42-Clean_heart-ctgan_filtered-xgboost.txt,42,Clean_heart,ctgan_filtered,xgboost,0.89,0.89,0.89,0.89,0.89,0.89,0.89,0.87,0.89,0.88,0.91,0.89,0.9
42-Clean_heart-gan_from_tutorial-random_forest.txt,42,Clean_heart,gan_from_tutorial,random_forest,0.89,0.89,0.88,0.89,0.89,0.89,0.89,0.9,0.84,0.87,0.88,0.93,0.9
42-Clean_heart-gan_from_tutorial-tune_hgb.txt,42,Clean_heart,gan_from_tutorial,tune_hgb,0.89,0.89,0.89,0.89,0.89,0.89,0.89,0.87,0.89,0.88,0.91,0.89,0.9
42-Clean_heart-gan_from_tutorial-xgboost.txt,42,Clean_heart,gan_from_tutorial,xgboost,0.89,0.89,0.89,0.89,0.89,0.89,0.89,0.87,0.89,0.88,0.91,0.9,0.9
42-Clean_heart-gan_from_tutorial_filtered-random_forest.txt,42,Clean_heart,gan_from_tutorial_filtered,random_forest,0.89,0.89,0.89,0.89,0.89,0.89,0.89,0.88,0.88,0.88,0.9,0.9,0.9
42-Clean_heart-gan_from_tutorial_filtered-tune_hgb.txt,42,Clean_heart,gan_from_tutorial_filtered,tune_hgb,0.88,0.88,0.88,0.88,0.88,0.88,0.88,0.84,0.9,0.87,0.92,0.86,0.89
42-Clean_heart-gan_from_tutorial_filtered-xgboost.txt,42,Clean_heart,gan_from_tutorial_filtered,xgboost,0.89,0.89,0.9,0.89,0.9,0.89,0.9,0.87,0.9,0.88,0.92,0.89,0.9
42-Clean_heart-gan_paper_2-random_forest.txt,42,Clean_heart,gan_paper_2,random_forest,0.88,0.89,0.88,0.88,0.89,0.88,0.88,0.91,0.82,0.86,0.87,0.93,0.9
42-Clean_heart-gan_paper_2-tune_hgb.txt,42,Clean_heart,gan_paper_2,tune_hgb,0.88,0.88,0.88,0.88,0.88,0.88,0.88,0.87,0.87,0.87,0.9,0.9,0.9
42-Clean_heart-gan_paper_2-xgboost.txt,42,Clean_heart,gan_paper_2,xgboost,0.89,0.89,0.89,0.89,0.89,0.89,0.89,0.87,0.89,0.88,0.91,0.9,0.9
42-Clean_heart-gan_paper_2_filtered-random_forest.txt,42,Clean_heart,gan_paper_2_filtered,random_forest,0.9,0.9,0.89,0.9,0.9,0.9,0.9,0.91,0.85,0.88,0.89,0.93,0.91
42-Clean_heart-gan_paper_2_filtered-tune_hgb.txt,42,Clean_heart,gan_paper_2_filtered,tune_hgb,0.88,0.88,0.88,0.88,0.88,0.88,0.88,0.86,0.87,0.87,0.89,0.89,0.89
42-Clean_heart-gan_paper_2_filtered-xgboost.txt,42,Clean_heart,gan_paper_2_filtered,xgboost,0.89,0.89,0.89,0.89,0.89,0.89,0.89,0.87,0.88,0.87,0.9,0.9,0.9
42-Clean_heart-smote-random_forest.txt,42,Clean_heart,smote,random_forest,0.89,0.89,0.89,0.89,0.89,0.89,0.89,0.9,0.85,0.87,0.88,0.93,0.9
42-Clean_heart-smote-tune_hgb.txt,42,Clean_heart,smote,tune_hgb,0.87,0.87,0.86,0.86,0.87,0.87,0.87,0.88,0.8,0.84,0.85,0.92,0.88
42-Clean_heart-smote-xgboost.txt,42,Clean_heart,smote,xgboost,0.89,0.89,0.89,0.89,0.89,0.89,0.89,0.87,0.89,0.88,0.91,0.9,0.9
42-Clean_heart-smote_filtered-random_forest.txt,42,Clean_heart,smote_filtered,random_forest,0.89,0.89,0.89,0.89,0.89,0.89,0.89,0.91,0.84,0.87,0.88,0.93,0.91
42-Clean_heart-smote_filtered-tune_hgb.txt,42,Clean_heart,smote_filtered,tune_hgb,0.87,0.87,0.86,0.86,0.87,0.87,0.87,0.88,0.8,0.84,0.85,0.92,0.88
42-Clean_heart-smote_filtered-xgboost.txt,42,Clean_heart,smote_filtered,xgboost,0.9,0.9,0.9,0.9,0.9,0.9,0.9,0.88,0.9,0.89,0.92,0.9,0.91
42-Clean_heart-smotified_gan-random_forest.txt,42,Clean_heart,smotified_gan,random_forest,0.88,0.89,0.88,0.88,0.88,0.88,0.88,0.9,0.84,0.87,0.88,0.92,0.9
42-Clean_heart-smotified_gan-tune_hgb.txt,42,Clean_heart,smotified_gan,tune_hgb,0.89,0.89,0.89,0.89,0.89,0.89,0.89,0.87,0.89,0.88,0.91,0.9,0.9
42-Clean_heart-smotified_gan-xgboost.txt,42,Clean_heart,smotified_gan,xgboost,0.89,0.89,0.89,0.89,0.89,0.89,0.89,0.87,0.89,0.88,0.91,0.89,0.9
42-Clean_heart-smotified_gan_filtered-random_forest.txt,42,Clean_heart,smotified_gan_filtered,random_forest,0.88,0.88,0.88,0.88,0.88,0.88,0.88,0.89,0.84,0.86,0.88,0.92,0.89
42-Clean_heart-smotified_gan_filtered-tune_hgb.txt,42,Clean_heart,smotified_gan_filtered,tune_hgb,0.89,0.89,0.89,0.89,0.89,0.89,0.89,0.87,0.89,0.88,0.91,0.9,0.9
42-Clean_heart-smotified_gan_filtered-xgboost.txt,42,Clean_heart,smotified_gan_filtered,xgboost,0.89,0.89,0.89,0.89,0.89,0.89,0.89,0.87,0.89,0.88,0.91,0.89,0.9
42-Clean_heart-wgangp-random_forest.txt,42,Clean_heart,wgangp,random_forest,0.88,0.89,0.88,0.88,0.89,0.88,0.88,0.9,0.83,0.86,0.87,0.93,0.9
42-Clean_heart-wgangp-tune_hgb.txt,42,Clean_heart,wgangp,tune_hgb,0.86,0.85,0.85,0.85,0.86,0.86,0.86,0.83,0.85,0.84,0.87,0.86,0.87
42-Clean_heart-wgangp-xgboost.txt,42,Clean_heart,wgangp,xgboost,0.89,0.89,0.89,0.89,0.89,0.89,0.89,0.89,0.87,0.88,0.9,0.92,0.91
42-Clean_heart-wgangp_filtered-random_forest.txt,42,Clean_heart,wgangp_filtered,random_forest,0.89,0.89,0.89,0.89,0.89,0.89,0.89,0.91,0.84,0.87,0.88,0.93,0.91
42-Clean_heart-wgangp_filtered-tune_hgb.txt,42,Clean_heart,wgangp_filtered,tune_hgb,0.86,0.85,0.85,0.85,0.86,0.86,0.86,0.83,0.85,0.84,0.87,0.86,0.87
42-Clean_heart-wgangp_filtered-xgboost.txt,42,Clean_heart,wgangp_filtered,xgboost,0.89,0.89,0.89,0.89,0.9,0.89,0.89,0.88,0.89,0.88,0.91,0.9,0.9
42-Clean_Infiltration-baseline-lightgbm.txt,42,Clean_Infiltration,baseline,lightgbm,1.0,0.5,0.5,0.5,1.0,1.0,1.0,1.0,1.0,1.0,0.0,0.0,0.0
42-Clean_Infiltration-baseline-random_forest.txt,42,Clean_Infiltration,baseline,random_forest,1.0,1.0,0.68,0.77,1.0,1.0,1.0,1.0,1.0,1.0,1.0,0.36,0.53
42-Clean_Infiltration-baseline-tune_hgb.txt,42,Clean_Infiltration,baseline,tune_hgb,1.0,0.8,0.77,0.79,1.0,1.0,1.0,1.0,1.0,1.0,0.6,0.55,0.57
42-Clean_Infiltration-baseline-xgboost.txt,42,Clean_Infiltration,baseline,xgboost,1.0,1.0,0.86,0.92,1.0,1.0,1.0,1.0,1.0,1.0,1.0,0.73,0.84
42-Clean_Infiltration-ctgan-lightgbm.txt,42,Clean_Infiltration,ctgan,lightgbm,1.0,1.0,0.86,0.92,1.0,1.0,1.0,1.0,1.0,1.0,1.0,0.73,0.84
42-Clean_Infiltration-ctgan-random_forest.txt,42,Clean_Infiltration,ctgan,random_forest,1.0,1.0,0.82,0.89,1.0,1.0,1.0,1.0,1.0,1.0,1.0,0.64,0.78
42-Clean_Infiltration-ctgan-tune_hgb.txt,42,Clean_Infiltration,ctgan,tune_hgb,1.0,1.0,0.86,0.92,1.0,1.0,1.0,1.0,1.0,1.0,1.0,0.73,0.84
42-Clean_Infiltration-ctgan-xgboost.txt,42,Clean_Infiltration,ctgan,xgboost,1.0,0.87,0.91,0.89,1.0,1.0,1.0,1.0,1.0,1.0,0.75,0.82,0.78
42-Clean_Infiltration-ctgan_filtered-lightgbm.txt,42,Clean_Infiltration,ctgan_filtered,lightgbm,1.0,0.87,0.91,0.89,1.0,1.0,1.0,1.0,1.0,1.0,0.75,0.82,0.78
42-Clean_Infiltration-ctgan_filtered-random_forest.txt,42,Clean_Infiltration,ctgan_filtered,random_forest,1.0,1.0,0.77,0.85,1.0,1.0,1.0,1.0,1.0,1.0,1.0,0.55,0.71
42-Clean_Infiltration-ctgan_filtered-tune_hgb.txt,42,Clean_Infiltration,ctgan_filtered,tune_hgb,1.0,1.0,0.86,0.92,1.0,1.0,1.0,1.0,1.0,1.0,1.0,0.73,0.84
42-Clean_Infiltration-ctgan_filtered-xgboost.txt,42,Clean_Infiltration,ctgan_filtered,xgboost,1.0,0.87,0.91,0.89,1.0,1.0,1.0,1.0,1.0,1.0,0.75,0.82,0.78
42-Clean_Infiltration-gan_from_tutorial-random_forest.txt,42,Clean_Infiltration,gan_from_tutorial,random_forest,1.0,1.0,0.68,0.77,1.0,1.0,1.0,1.0,1.0,1.0,1.0,0.36,0.53
42-Clean_Infiltration-gan_from_tutorial-tune_hgb.txt,42,Clean_Infiltration,gan_from_tutorial,tune_hgb,1.0,1.0,0.86,0.92,1.0,1.0,1.0,1.0,1.0,1.0,1.0,0.73,0.84
42-Clean_Infiltration-gan_from_tutorial-xgboost.txt,42,Clean_Infiltration,gan_from_tutorial,xgboost,1.0,1.0,0.82,0.89,1.0,1.0,1.0,1.0,1.0,1.0,1.0,0.64,0.78
42-Clean_Infiltration-gan_from_tutorial_filtered-random_forest.txt,42,Clean_Infiltration,gan_from_tutorial_filtered,random_forest,1.0,1.0,0.68,0.77,1.0,1.0,1.0,1.0,1.0,1.0,1.0,0.36,0.53
42-Clean_Infiltration-gan_from_tutorial_filtered-tune_hgb.txt,42,Clean_Infiltration,gan_from_tutorial_filtered,tune_hgb,1.0,0.69,0.77,0.72,1.0,1.0,1.0,1.0,1.0,1.0,0.38,0.55,0.44
42-Clean_Infiltration-gan_from_tutorial_filtered-xgboost.txt,42,Clean_Infiltration,gan_from_tutorial_filtered,xgboost,1.0,1.0,0.91,0.95,1.0,1.0,1.0,1.0,1.0,1.0,1.0,0.82,0.9
42-Clean_Infiltration-gan_paper_2-random_forest.txt,42,Clean_Infiltration,gan_paper_2,random_forest,1.0,1.0,0.68,0.77,1.0,1.0,1.0,1.0,1.0,1.0,1.0,0.36,0.53
42-Clean_Infiltration-gan_paper_2-tune_hgb.txt,42,Clean_Infiltration,gan_paper_2,tune_hgb,1.0,0.86,0.86,0.86,1.0,1.0,1.0,1.0,1.0,1.0,0.73,0.73,0.73
42-Clean_Infiltration-gan_paper_2-xgboost.txt,42,Clean_Infiltration,gan_paper_2,xgboost,1.0,0.86,0.86,0.86,1.0,1.0,1.0,1.0,1.0,1.0,0.73,0.73,0.73
42-Clean_Infiltration-gan_paper_2_filtered-random_forest.txt,42,Clean_Infiltration,gan_paper_2_filtered,random_forest,1.0,1.0,0.68,0.77,1.0,1.0,1.0,1.0,1.0,1.0,1.0,0.36,0.53
42-Clean_Infiltration-gan_paper_2_filtered-tune_hgb.txt,42,Clean_Infiltration,gan_paper_2_filtered,tune_hgb,1.0,1.0,0.77,0.85,1.0,1.0,1.0,1.0,1.0,1.0,1.0,0.55,0.71
42-Clean_Infiltration-gan_paper_2_filtered-xgboost.txt,42,Clean_Infiltration,gan_paper_2_filtered,xgboost,1.0,1.0,0.86,0.92,1.0,1.0,1.0,1.0,1.0,1.0,1.0,0.73,0.84
42-Clean_Infiltration-smote-random_forest.txt,42,Clean_Infiltration,smote,random_forest,1.0,1.0,0.91,0.95,1.0,1.0,1.0,1.0,1.0,1.0,1.0,0.82,0.9
42-Clean_Infiltration-smote-tune_hgb.txt,42,Clean_Infiltration,smote,tune_hgb,1.0,1.0,0.91,0.95,1.0,1.0,1.0,1.0,1.0,1.0,1.0,0.82,0.9
42-Clean_Infiltration-smote-xgboost.txt,42,Clean_Infiltration,smote,xgboost,1.0,0.95,0.91,0.93,1.0,1.0,1.0,1.0,1.0,1.0,0.9,0.82,0.86
42-Clean_Infiltration-smote_filtered-random_forest.txt,42,Clean_Infiltration,smote_filtered,random_forest,1.0,1.0,0.91,0.95,1.0,1.0,1.0,1.0,1.0,1.0,1.0,0.82,0.9
42-Clean_Infiltration-smote_filtered-tune_hgb.txt,42,Clean_Infiltration,smote_filtered,tune_hgb,1.0,0.91,0.91,0.91,1.0,1.0,1.0,1.0,1.0,1.0,0.82,0.82,0.82
42-Clean_Infiltration-smote_filtered-xgboost.txt,42,Clean_Infiltration,smote_filtered,xgboost,1.0,0.95,0.91,0.93,1.0,1.0,1.0,1.0,1.0,1.0,0.9,0.82,0.86
42-Clean_Infiltration-smotified_gan-random_forest.txt,42,Clean_Infiltration,smotified_gan,random_forest,1.0,1.0,0.68,0.77,1.0,1.0,1.0,1.0,1.0,1.0,1.0,0.36,0.53
42-Clean_Infiltration-smotified_gan-tune_hgb.txt,42,Clean_Infiltration,smotified_gan,tune_hgb,1.0,1.0,0.86,0.92,1.0,1.0,1.0,1.0,1.0,1.0,1.0,0.73,0.84
42-Clean_Infiltration-smotified_gan-xgboost.txt,42,Clean_Infiltration,smotified_gan,xgboost,1.0,1.0,0.86,0.92,1.0,1.0,1.0,1.0,1.0,1.0,1.0,0.73,0.84
42-Clean_Infiltration-smotified_gan_filtered-random_forest.txt,42,Clean_Infiltration,smotified_gan_filtered,random_forest,1.0,1.0,0.68,0.77,1.0,1.0,1.0,1.0,1.0,1.0,1.0,0.36,0.53
42-Clean_Infiltration-smotified_gan_filtered-tune_hgb.txt,42,Clean_Infiltration,smotified_gan_filtered,tune_hgb,1.0,1.0,0.91,0.95,1.0,1.0,1.0,1.0,1.0,1.0,1.0,0.82,0.9
42-Clean_Infiltration-smotified_gan_filtered-xgboost.txt,42,Clean_Infiltration,smotified_gan_filtered,xgboost,1.0,1.0,0.91,0.95,1.0,1.0,1.0,1.0,1.0,1.0,1.0,0.82,0.9
42-Clean_Infiltration-wgangp-random_forest.txt,42,Clean_Infiltration,wgangp,random_forest,1.0,1.0,0.68,0.77,1.0,1.0,1.0,1.0,1.0,1.0,1.0,0.36,0.53
42-Clean_Infiltration-wgangp-tune_hgb.txt,42,Clean_Infiltration,wgangp,tune_hgb,1.0,1.0,0.91,0.95,1.0,1.0,1.0,1.0,1.0,1.0,1.0,0.82,0.9
42-Clean_Infiltration-wgangp-xgboost.txt,42,Clean_Infiltration,wgangp,xgboost,1.0,1.0,0.86,0.92,1.0,1.0,1.0,1.0,1.0,1.0,1.0,0.73,0.84
42-Clean_Infiltration-wgangp_filtered-random_forest.txt,42,Clean_Infiltration,wgangp_filtered,random_forest,1.0,1.0,0.68,0.77,1.0,1.0,1.0,1.0,1.0,1.0,1.0,0.36,0.53
42-Clean_Infiltration-wgangp_filtered-tune_hgb.txt,42,Clean_Infiltration,wgangp_filtered,tune_hgb,1.0,1.0,0.91,0.95,1.0,1.0,1.0,1.0,1.0,1.0,1.0,0.82,0.9
42-Clean_Infiltration-wgangp_filtered-xgboost.txt,42,Clean_Infiltration,wgangp_filtered,xgboost,1.0,1.0,0.86,0.92,1.0,1.0,1.0,1.0,1.0,1.0,1.0,0.73,0.84
42-Clean_ionosphere-baseline-lightgbm.txt,42,Clean_ionosphere,baseline,lightgbm,0.92,0.93,0.91,0.92,0.93,0.92,0.92,0.92,0.97,0.94,0.94,0.84,0.89
42-Clean_ionosphere-baseline-random_forest.txt,42,Clean_ionosphere,baseline,random_forest,0.94,0.95,0.93,0.94,0.94,0.94,0.94,0.93,0.99,0.96,0.97,0.87,0.92
42-Clean_ionosphere-baseline-tune_hgb.txt,42,Clean_ionosphere,baseline,tune_hgb,0.92,0.92,0.89,0.9,0.92,0.92,0.91,0.9,0.97,0.94,0.94,0.82,0.87
42-Clean_ionosphere-baseline-xgboost.txt,42,Clean_ionosphere,baseline,xgboost,0.92,0.94,0.9,0.91,0.93,0.92,0.92,0.91,0.99,0.94,0.97,0.82,0.89
42-Clean_ionosphere-ctgan-lightgbm.txt,42,Clean_ionosphere,ctgan,lightgbm,0.91,0.92,0.87,0.89,0.91,0.91,0.9,0.88,0.99,0.93,0.97,0.76,0.85
42-Clean_ionosphere-ctgan-random_forest.txt,42,Clean_ionosphere,ctgan,random_forest,0.93,0.94,0.91,0.93,0.94,0.93,0.93,0.92,0.99,0.95,0.97,0.84,0.9
42-Clean_ionosphere-ctgan-tune_hgb.txt,42,Clean_ionosphere,ctgan,tune_hgb,0.91,0.91,0.89,0.89,0.91,0.91,0.9,0.9,0.96,0.93,0.91,0.82,0.86
42-Clean_ionosphere-ctgan-xgboost.txt,42,Clean_ionosphere,ctgan,xgboost,0.92,0.93,0.91,0.92,0.93,0.92,0.92,0.92,0.97,0.94,0.94,0.84,0.89
42-Clean_ionosphere-ctgan_filtered-lightgbm.txt,42,Clean_ionosphere,ctgan_filtered,lightgbm,0.91,0.92,0.87,0.89,0.91,0.91,0.9,0.88,0.99,0.93,0.97,0.76,0.85
42-Clean_ionosphere-ctgan_filtered-random_forest.txt,42,Clean_ionosphere,ctgan_filtered,random_forest,0.94,0.94,0.93,0.94,0.94,0.94,0.94,0.94,0.97,0.96,0.94,0.89,0.92
42-Clean_ionosphere-ctgan_filtered-tune_hgb.txt,42,Clean_ionosphere,ctgan_filtered,tune_hgb,0.92,0.93,0.91,0.92,0.93,0.92,0.92,0.92,0.97,0.94,0.94,0.84,0.89
42-Clean_ionosphere-ctgan_filtered-xgboost.txt,42,Clean_ionosphere,ctgan_filtered,xgboost,0.93,0.94,0.91,0.93,0.94,0.93,0.93,0.92,0.99,0.95,0.97,0.84,0.9
42-Clean_ionosphere-gan_from_tutorial-random_forest.txt,42,Clean_ionosphere,gan_from_tutorial,random_forest,0.92,0.93,0.91,0.92,0.93,0.92,0.92,0.92,0.97,0.94,0.94,0.84,0.89
42-Clean_ionosphere-gan_from_tutorial-tune_hgb.txt,42,Clean_ionosphere,gan_from_tutorial,tune_hgb,0.92,0.94,0.9,0.91,0.93,0.92,0.92,0.91,0.99,0.94,0.97,0.82,0.89
42-Clean_ionosphere-gan_from_tutorial-xgboost.txt,42,Clean_ionosphere,gan_from_tutorial,xgboost,0.92,0.91,0.9,0.91,0.92,0.92,0.91,0.92,0.96,0.94,0.91,0.84,0.88
42-Clean_ionosphere-gan_from_tutorial_filtered-random_forest.txt,42,Clean_ionosphere,gan_from_tutorial_filtered,random_forest,0.94,0.94,0.93,0.94,0.94,0.94,0.94,0.94,0.97,0.96,0.94,0.89,0.92
42-Clean_ionosphere-gan_from_tutorial_filtered-tune_hgb.txt,42,Clean_ionosphere,gan_from_tutorial_filtered,tune_hgb,0.92,0.94,0.9,0.91,0.93,0.92,0.92,0.91,0.99,0.94,0.97,0.82,0.89
42-Clean_ionosphere-gan_from_tutorial_filtered-xgboost.txt,42,Clean_ionosphere,gan_from_tutorial_filtered,xgboost,0.92,0.91,0.9,0.91,0.92,0.92,0.91,0.92,0.96,0.94,0.91,0.84,0.88
42-Clean_ionosphere-gan_paper_2-random_forest.txt,42,Clean_ionosphere,gan_paper_2,random_forest,0.92,0.94,0.9,0.91,0.93,0.92,0.92,0.91,0.99,0.94,0.97,0.82,0.89
42-Clean_ionosphere-gan_paper_2-tune_hgb.txt,42,Clean_ionosphere,gan_paper_2,tune_hgb,0.9,0.89,0.88,0.89,0.9,0.9,0.9,0.9,0.94,0.92,0.89,0.82,0.85
42-Clean_ionosphere-gan_paper_2-xgboost.txt,42,Clean_ionosphere,gan_paper_2,xgboost,0.92,0.93,0.89,0.9,0.92,0.92,0.91,0.89,0.99,0.94,0.97,0.79,0.87
42-Clean_ionosphere-gan_paper_2_filtered-random_forest.txt,42,Clean_ionosphere,gan_paper_2_filtered,random_forest,0.92,0.93,0.91,0.92,0.93,0.92,0.92,0.92,0.97,0.94,0.94,0.84,0.89
42-Clean_ionosphere-gan_paper_2_filtered-tune_hgb.txt,42,Clean_ionosphere,gan_paper_2_filtered,tune_hgb,0.9,0.9,0.87,0.88,0.9,0.9,0.89,0.89,0.96,0.92,0.91,0.79,0.85
42-Clean_ionosphere-gan_paper_2_filtered-xgboost.txt,42,Clean_ionosphere,gan_paper_2_filtered,xgboost,0.92,0.93,0.91,0.92,0.93,0.92,0.92,0.92,0.97,0.94,0.94,0.84,0.89
42-Clean_ionosphere-smote-random_forest.txt,42,Clean_ionosphere,smote,random_forest,0.92,0.94,0.9,0.91,0.93,0.92,0.92,0.91,0.99,0.94,0.97,0.82,0.89
42-Clean_ionosphere-smote-tune_hgb.txt,42,Clean_ionosphere,smote,tune_hgb,0.91,0.91,0.88,0.89,0.91,0.91,0.9,0.89,0.97,0.93,0.94,0.79,0.86
42-Clean_ionosphere-smote-xgboost.txt,42,Clean_ionosphere,smote,xgboost,0.92,0.93,0.89,0.9,0.92,0.92,0.91,0.89,0.99,0.94,0.97,0.79,0.87
42-Clean_ionosphere-smote_filtered-random_forest.txt,42,Clean_ionosphere,smote_filtered,random_forest,0.96,0.96,0.95,0.96,0.96,0.96,0.96,0.96,0.99,0.97,0.97,0.92,0.95
42-Clean_ionosphere-smote_filtered-tune_hgb.txt,42,Clean_ionosphere,smote_filtered,tune_hgb,0.92,0.93,0.89,0.9,0.92,0.92,0.91,0.89,0.99,0.94,0.97,0.79,0.87
42-Clean_ionosphere-smote_filtered-xgboost.txt,42,Clean_ionosphere,smote_filtered,xgboost,0.92,0.93,0.89,0.9,0.92,0.92,0.91,0.89,0.99,0.94,0.97,0.79,0.87
42-Clean_ionosphere-smotified_gan-random_forest.txt,42,Clean_ionosphere,smotified_gan,random_forest,0.92,0.94,0.9,0.91,0.93,0.92,0.92,0.91,0.99,0.94,0.97,0.82,0.89
42-Clean_ionosphere-smotified_gan-tune_hgb.txt,42,Clean_ionosphere,smotified_gan,tune_hgb,0.93,0.94,0.91,0.93,0.94,0.93,0.93,0.92,0.99,0.95,0.97,0.84,0.9
42-Clean_ionosphere-smotified_gan-xgboost.txt,42,Clean_ionosphere,smotified_gan,xgboost,0.92,0.93,0.89,0.9,0.92,0.92,0.91,0.89,0.99,0.94,0.97,0.79,0.87
42-Clean_ionosphere-smotified_gan_filtered-random_forest.txt,42,Clean_ionosphere,smotified_gan_filtered,random_forest,0.92,0.93,0.89,0.9,0.92,0.92,0.91,0.89,0.99,0.94,0.97,0.79,0.87
42-Clean_ionosphere-smotified_gan_filtered-tune_hgb.txt,42,Clean_ionosphere,smotified_gan_filtered,tune_hgb,0.91,0.91,0.89,0.89,0.91,0.91,0.9,0.9,0.96,0.93,0.91,0.82,0.86
42-Clean_ionosphere-smotified_gan_filtered-xgboost.txt,42,Clean_ionosphere,smotified_gan_filtered,xgboost,0.92,0.94,0.9,0.91,0.93,0.92,0.92,0.91,0.99,0.94,0.97,0.82,0.89
42-Clean_ionosphere-wgangp-random_forest.txt,42,Clean_ionosphere,wgangp,random_forest,0.91,0.91,0.88,0.89,0.91,0.91,0.9,0.89,0.97,0.93,0.94,0.79,0.86
42-Clean_ionosphere-wgangp-tune_hgb.txt,42,Clean_ionosphere,wgangp,tune_hgb,0.86,0.88,0.81,0.83,0.87,0.86,0.85,0.84,0.97,0.9,0.93,0.66,0.77
42-Clean_ionosphere-wgangp-xgboost.txt,42,Clean_ionosphere,wgangp,xgboost,0.91,0.92,0.87,0.89,0.91,0.91,0.9,0.88,0.99,0.93,0.97,0.76,0.85
42-Clean_ionosphere-wgangp_filtered-random_forest.txt,42,Clean_ionosphere,wgangp_filtered,random_forest,0.92,0.93,0.91,0.92,0.93,0.92,0.92,0.92,0.97,0.94,0.94,0.84,0.89
42-Clean_ionosphere-wgangp_filtered-tune_hgb.txt,42,Clean_ionosphere,wgangp_filtered,tune_hgb,0.91,0.91,0.88,0.89,0.91,0.91,0.9,0.89,0.97,0.93,0.94,0.79,0.86
42-Clean_ionosphere-wgangp_filtered-xgboost.txt,42,Clean_ionosphere,wgangp_filtered,xgboost,0.91,0.92,0.87,0.89,0.91,0.91,0.9,0.88,0.99,0.93,0.97,0.76,0.85
42-Clean_Loan_Default-baseline-lightgbm.txt,42,Clean_Loan_Default,baseline,lightgbm,1.0,1.0,1.0,1.0,1.0,1.0,1.0,1.0,1.0,1.0,1.0,1.0,1.0
42-Clean_Loan_Default-baseline-random_forest.txt,42,Clean_Loan_Default,baseline,random_forest,1.0,1.0,1.0,1.0,1.0,1.0,1.0,1.0,1.0,1.0,1.0,1.0,1.0
42-Clean_Loan_Default-baseline-tune_hgb.txt,42,Clean_Loan_Default,baseline,tune_hgb,1.0,1.0,1.0,1.0,1.0,1.0,1.0,1.0,1.0,1.0,1.0,1.0,1.0
42-Clean_Loan_Default-baseline-xgboost.txt,42,Clean_Loan_Default,baseline,xgboost,1.0,1.0,1.0,1.0,1.0,1.0,1.0,1.0,1.0,1.0,1.0,1.0,1.0
42-Clean_Loan_Default-ctgan-lightgbm.txt,42,Clean_Loan_Default,ctgan,lightgbm,1.0,1.0,1.0,1.0,1.0,1.0,1.0,1.0,1.0,1.0,1.0,1.0,1.0
42-Clean_Loan_Default-ctgan-random_forest.txt,42,Clean_Loan_Default,ctgan,random_forest,1.0,1.0,1.0,1.0,1.0,1.0,1.0,1.0,1.0,1.0,1.0,1.0,1.0
42-Clean_Loan_Default-ctgan-tune_hgb.txt,42,Clean_Loan_Default,ctgan,tune_hgb,1.0,1.0,1.0,1.0,1.0,1.0,1.0,1.0,1.0,1.0,1.0,1.0,1.0
42-Clean_Loan_Default-ctgan-xgboost.txt,42,Clean_Loan_Default,ctgan,xgboost,1.0,1.0,1.0,1.0,1.0,1.0,1.0,1.0,1.0,1.0,1.0,1.0,1.0
42-Clean_Loan_Default-ctgan_filtered-lightgbm.txt,42,Clean_Loan_Default,ctgan_filtered,lightgbm,1.0,1.0,1.0,1.0,1.0,1.0,1.0,1.0,1.0,1.0,1.0,1.0,1.0
42-Clean_Loan_Default-ctgan_filtered-random_forest.txt,42,Clean_Loan_Default,ctgan_filtered,random_forest,1.0,1.0,1.0,1.0,1.0,1.0,1.0,1.0,1.0,1.0,1.0,1.0,1.0
42-Clean_Loan_Default-ctgan_filtered-tune_hgb.txt,42,Clean_Loan_Default,ctgan_filtered,tune_hgb,1.0,1.0,1.0,1.0,1.0,1.0,1.0,1.0,1.0,1.0,1.0,1.0,1.0
42-Clean_Loan_Default-ctgan_filtered-xgboost.txt,42,Clean_Loan_Default,ctgan_filtered,xgboost,1.0,1.0,1.0,1.0,1.0,1.0,1.0,1.0,1.0,1.0,1.0,1.0,1.0
42-Clean_Loan_Default-gan_from_tutorial-random_forest.txt,42,Clean_Loan_Default,gan_from_tutorial,random_forest,1.0,1.0,1.0,1.0,1.0,1.0,1.0,1.0,1.0,1.0,1.0,1.0,1.0
42-Clean_Loan_Default-gan_from_tutorial-tune_hgb.txt,42,Clean_Loan_Default,gan_from_tutorial,tune_hgb,1.0,1.0,1.0,1.0,1.0,1.0,1.0,1.0,1.0,1.0,1.0,1.0,1.0
42-Clean_Loan_Default-gan_from_tutorial-xgboost.txt,42,Clean_Loan_Default,gan_from_tutorial,xgboost,1.0,1.0,1.0,1.0,1.0,1.0,1.0,1.0,1.0,1.0,1.0,1.0,1.0
42-Clean_Loan_Default-gan_from_tutorial_filtered-random_forest.txt,42,Clean_Loan_Default,gan_from_tutorial_filtered,random_forest,1.0,1.0,1.0,1.0,1.0,1.0,1.0,1.0,1.0,1.0,1.0,1.0,1.0
42-Clean_Loan_Default-gan_from_tutorial_filtered-tune_hgb.txt,42,Clean_Loan_Default,gan_from_tutorial_filtered,tune_hgb,1.0,1.0,1.0,1.0,1.0,1.0,1.0,1.0,1.0,1.0,1.0,1.0,1.0
42-Clean_Loan_Default-gan_from_tutorial_filtered-xgboost.txt,42,Clean_Loan_Default,gan_from_tutorial_filtered,xgboost,1.0,1.0,1.0,1.0,1.0,1.0,1.0,1.0,1.0,1.0,1.0,1.0,1.0
42-Clean_Loan_Default-gan_paper_2-random_forest.txt,42,Clean_Loan_Default,gan_paper_2,random_forest,1.0,1.0,1.0,1.0,1.0,1.0,1.0,1.0,1.0,1.0,1.0,1.0,1.0
42-Clean_Loan_Default-gan_paper_2-tune_hgb.txt,42,Clean_Loan_Default,gan_paper_2,tune_hgb,0.75,0.38,0.5,0.43,0.57,0.75,0.65,0.75,1.0,0.86,0.0,0.0,0.0
42-Clean_Loan_Default-gan_paper_2-xgboost.txt,42,Clean_Loan_Default,gan_paper_2,xgboost,1.0,1.0,1.0,1.0,1.0,1.0,1.0,1.0,1.0,1.0,1.0,1.0,1.0
42-Clean_Loan_Default-gan_paper_2_filtered-random_forest.txt,42,Clean_Loan_Default,gan_paper_2_filtered,random_forest,1.0,1.0,1.0,1.0,1.0,1.0,1.0,1.0,1.0,1.0,1.0,1.0,1.0
42-Clean_Loan_Default-gan_paper_2_filtered-tune_hgb.txt,42,Clean_Loan_Default,gan_paper_2_filtered,tune_hgb,1.0,1.0,1.0,1.0,1.0,1.0,1.0,1.0,1.0,1.0,1.0,1.0,1.0
42-Clean_Loan_Default-gan_paper_2_filtered-xgboost.txt,42,Clean_Loan_Default,gan_paper_2_filtered,xgboost,1.0,1.0,1.0,1.0,1.0,1.0,1.0,1.0,1.0,1.0,1.0,1.0,1.0
42-Clean_Loan_Default-smote-random_forest.txt,42,Clean_Loan_Default,smote,random_forest,1.0,1.0,1.0,1.0,1.0,1.0,1.0,1.0,1.0,1.0,1.0,1.0,1.0
42-Clean_Loan_Default-smote-tune_hgb.txt,42,Clean_Loan_Default,smote,tune_hgb,0.75,0.38,0.5,0.43,0.57,0.75,0.65,0.75,1.0,0.86,0.0,0.0,0.0
42-Clean_Loan_Default-smote-xgboost.txt,42,Clean_Loan_Default,smote,xgboost,1.0,1.0,1.0,1.0,1.0,1.0,1.0,1.0,1.0,1.0,1.0,1.0,1.0
42-Clean_Loan_Default-smote_filtered-random_forest.txt,42,Clean_Loan_Default,smote_filtered,random_forest,1.0,1.0,1.0,1.0,1.0,1.0,1.0,1.0,1.0,1.0,1.0,1.0,1.0
42-Clean_Loan_Default-smote_filtered-tune_hgb.txt,42,Clean_Loan_Default,smote_filtered,tune_hgb,1.0,1.0,1.0,1.0,1.0,1.0,1.0,1.0,1.0,1.0,1.0,1.0,1.0
42-Clean_Loan_Default-smote_filtered-xgboost.txt,42,Clean_Loan_Default,smote_filtered,xgboost,1.0,1.0,1.0,1.0,1.0,1.0,1.0,1.0,1.0,1.0,1.0,1.0,1.0
42-Clean_Loan_Default-smotified_gan-random_forest.txt,42,Clean_Loan_Default,smotified_gan,random_forest,1.0,1.0,1.0,1.0,1.0,1.0,1.0,1.0,1.0,1.0,1.0,1.0,1.0
42-Clean_Loan_Default-smotified_gan-tune_hgb.txt,42,Clean_Loan_Default,smotified_gan,tune_hgb,0.75,0.38,0.5,0.43,0.57,0.75,0.65,0.75,1.0,0.86,0.0,0.0,0.0
42-Clean_Loan_Default-smotified_gan-xgboost.txt,42,Clean_Loan_Default,smotified_gan,xgboost,1.0,1.0,1.0,1.0,1.0,1.0,1.0,1.0,1.0,1.0,1.0,1.0,1.0
42-Clean_Loan_Default-smotified_gan_filtered-random_forest.txt,42,Clean_Loan_Default,smotified_gan_filtered,random_forest,1.0,1.0,1.0,1.0,1.0,1.0,1.0,1.0,1.0,1.0,1.0,1.0,1.0
42-Clean_Loan_Default-smotified_gan_filtered-tune_hgb.txt,42,Clean_Loan_Default,smotified_gan_filtered,tune_hgb,1.0,1.0,1.0,1.0,1.0,1.0,1.0,1.0,1.0,1.0,1.0,1.0,1.0
42-Clean_Loan_Default-smotified_gan_filtered-xgboost.txt,42,Clean_Loan_Default,smotified_gan_filtered,xgboost,1.0,1.0,1.0,1.0,1.0,1.0,1.0,1.0,1.0,1.0,1.0,1.0,1.0
42-Clean_Loan_Default-wgangp-random_forest.txt,42,Clean_Loan_Default,wgangp,random_forest,1.0,1.0,1.0,1.0,1.0,1.0,1.0,1.0,1.0,1.0,1.0,1.0,1.0
42-Clean_Loan_Default-wgangp-tune_hgb.txt,42,Clean_Loan_Default,wgangp,tune_hgb,1.0,1.0,1.0,1.0,1.0,1.0,1.0,1.0,1.0,1.0,1.0,1.0,1.0
42-Clean_Loan_Default-wgangp-xgboost.txt,42,Clean_Loan_Default,wgangp,xgboost,1.0,1.0,1.0,1.0,1.0,1.0,1.0,1.0,1.0,1.0,1.0,1.0,1.0
42-Clean_Loan_Default-wgangp_filtered-random_forest.txt,42,Clean_Loan_Default,wgangp_filtered,random_forest,1.0,1.0,1.0,1.0,1.0,1.0,1.0,1.0,1.0,1.0,1.0,1.0,1.0
42-Clean_Loan_Default-wgangp_filtered-tune_hgb.txt,42,Clean_Loan_Default,wgangp_filtered,tune_hgb,1.0,1.0,1.0,1.0,1.0,1.0,1.0,1.0,1.0,1.0,1.0,1.0,1.0
42-Clean_Loan_Default-wgangp_filtered-xgboost.txt,42,Clean_Loan_Default,wgangp_filtered,xgboost,1.0,1.0,1.0,1.0,1.0,1.0,1.0,1.0,1.0,1.0,1.0,1.0,1.0
42-Clean_nsl_kdd_full_dataset-baseline-lightgbm.txt,42,Clean_nsl_kdd_full_dataset,baseline,lightgbm,1.0,1.0,1.0,1.0,1.0,1.0,1.0,1.0,1.0,1.0,1.0,1.0,1.0
42-Clean_nsl_kdd_full_dataset-baseline-random_forest.txt,42,Clean_nsl_kdd_full_dataset,baseline,random_forest,0.99,0.99,0.99,0.99,0.99,0.99,0.99,0.99,0.99,0.99,0.99,0.99,0.99
42-Clean_nsl_kdd_full_dataset-baseline-tune_hgb.txt,42,Clean_nsl_kdd_full_dataset,baseline,tune_hgb,1.0,1.0,1.0,1.0,1.0,1.0,1.0,0.99,1.0,1.0,1.0,0.99,1.0
42-Clean_nsl_kdd_full_dataset-baseline-xgboost.txt,42,Clean_nsl_kdd_full_dataset,baseline,xgboost,1.0,1.0,1.0,1.0,1.0,1.0,1.0,0.99,1.0,1.0,1.0,0.99,1.0
42-Clean_nsl_kdd_full_dataset-ctgan-lightgbm.txt,42,Clean_nsl_kdd_full_dataset,ctgan,lightgbm,1.0,1.0,1.0,1.0,1.0,1.0,1.0,0.99,1.0,1.0,1.0,0.99,1.0
42-Clean_nsl_kdd_full_dataset-ctgan-random_forest.txt,42,Clean_nsl_kdd_full_dataset,ctgan,random_forest,1.0,1.0,0.99,1.0,1.0,1.0,1.0,0.99,1.0,1.0,1.0,0.99,0.99
42-Clean_nsl_kdd_full_dataset-ctgan-tune_hgb.txt,42,Clean_nsl_kdd_full_dataset,ctgan,tune_hgb,1.0,1.0,0.99,1.0,1.0,1.0,1.0,0.99,1.0,1.0,1.0,0.99,0.99
42-Clean_nsl_kdd_full_dataset-ctgan-xgboost.txt,42,Clean_nsl_kdd_full_dataset,ctgan,xgboost,1.0,1.0,1.0,1.0,1.0,1.0,1.0,0.99,1.0,1.0,1.0,0.99,1.0
42-Clean_nsl_kdd_full_dataset-ctgan_filtered-lightgbm.txt,42,Clean_nsl_kdd_full_dataset,ctgan_filtered,lightgbm,1.0,1.0,1.0,1.0,1.0,1.0,1.0,0.99,1.0,1.0,1.0,0.99,1.0
42-Clean_nsl_kdd_full_dataset-ctgan_filtered-random_forest.txt,42,Clean_nsl_kdd_full_dataset,ctgan_filtered,random_forest,1.0,1.0,1.0,1.0,1.0,1.0,1.0,1.0,1.0,1.0,1.0,0.99,1.0
42-Clean_nsl_kdd_full_dataset-ctgan_filtered-tune_hgb.txt,42,Clean_nsl_kdd_full_dataset,ctgan_filtered,tune_hgb,1.0,1.0,1.0,1.0,1.0,1.0,1.0,0.99,1.0,1.0,1.0,0.99,1.0
42-Clean_nsl_kdd_full_dataset-ctgan_filtered-xgboost.txt,42,Clean_nsl_kdd_full_dataset,ctgan_filtered,xgboost,1.0,1.0,1.0,1.0,1.0,1.0,1.0,1.0,1.0,1.0,1.0,0.99,1.0
42-Clean_nsl_kdd_full_dataset-gan_from_tutorial-random_forest.txt,42,Clean_nsl_kdd_full_dataset,gan_from_tutorial,random_forest,0.99,0.99,0.99,0.99,0.99,0.99,0.99,0.99,0.99,0.99,0.99,0.99,0.99
42-Clean_nsl_kdd_full_dataset-gan_from_tutorial-tune_hgb.txt,42,Clean_nsl_kdd_full_dataset,gan_from_tutorial,tune_hgb,0.99,0.99,0.99,0.99,0.99,0.99,0.99,0.99,1.0,1.0,1.0,0.99,0.99
42-Clean_nsl_kdd_full_dataset-gan_from_tutorial-xgboost.txt,42,Clean_nsl_kdd_full_dataset,gan_from_tutorial,xgboost,1.0,1.0,1.0,1.0,1.0,1.0,1.0,1.0,1.0,1.0,1.0,0.99,1.0
42-Clean_nsl_kdd_full_dataset-gan_from_tutorial_filtered-random_forest.txt,42,Clean_nsl_kdd_full_dataset,gan_from_tutorial_filtered,random_forest,0.99,0.99,0.99,0.99,0.99,0.99,0.99,0.99,0.99,0.99,0.99,0.99,0.99
42-Clean_nsl_kdd_full_dataset-gan_from_tutorial_filtered-tune_hgb.txt,42,Clean_nsl_kdd_full_dataset,gan_from_tutorial_filtered,tune_hgb,1.0,1.0,1.0,1.0,1.0,1.0,1.0,0.99,1.0,1.0,1.0,0.99,1.0
42-Clean_nsl_kdd_full_dataset-gan_from_tutorial_filtered-xgboost.txt,42,Clean_nsl_kdd_full_dataset,gan_from_tutorial_filtered,xgboost,1.0,1.0,1.0,1.0,1.0,1.0,1.0,1.0,1.0,1.0,1.0,1.0,1.0
42-Clean_nsl_kdd_full_dataset-gan_paper_2-random_forest.txt,42,Clean_nsl_kdd_full_dataset,gan_paper_2,random_forest,0.99,0.99,0.99,0.99,0.99,0.99,0.99,0.99,0.99,0.99,0.99,0.99,0.99
42-Clean_nsl_kdd_full_dataset-gan_paper_2-tune_hgb.txt,42,Clean_nsl_kdd_full_dataset,gan_paper_2,tune_hgb,1.0,1.0,1.0,1.0,1.0,1.0,1.0,0.99,1.0,1.0,1.0,0.99,0.99
42-Clean_nsl_kdd_full_dataset-gan_paper_2-xgboost.txt,42,Clean_nsl_kdd_full_dataset,gan_paper_2,xgboost,1.0,1.0,1.0,1.0,1.0,1.0,1.0,1.0,1.0,1.0,1.0,0.99,1.0
42-Clean_nsl_kdd_full_dataset-gan_paper_2_filtered-random_forest.txt,42,Clean_nsl_kdd_full_dataset,gan_paper_2_filtered,random_forest,0.99,0.99,0.99,0.99,0.99,0.99,0.99,0.99,0.99,0.99,0.99,0.99,0.99
42-Clean_nsl_kdd_full_dataset-gan_paper_2_filtered-tune_hgb.txt,42,Clean_nsl_kdd_full_dataset,gan_paper_2_filtered,tune_hgb,1.0,1.0,1.0,1.0,1.0,1.0,1.0,0.99,1.0,1.0,1.0,0.99,1.0
42-Clean_nsl_kdd_full_dataset-gan_paper_2_filtered-xgboost.txt,42,Clean_nsl_kdd_full_dataset,gan_paper_2_filtered,xgboost,1.0,1.0,1.0,1.0,1.0,1.0,1.0,0.99,1.0,1.0,1.0,0.99,1.0
42-Clean_nsl_kdd_full_dataset-smote-random_forest.txt,42,Clean_nsl_kdd_full_dataset,smote,random_forest,1.0,1.0,1.0,1.0,1.0,1.0,1.0,0.99,1.0,1.0,1.0,0.99,0.99
42-Clean_nsl_kdd_full_dataset-smote-tune_hgb.txt,42,Clean_nsl_kdd_full_dataset,smote,tune_hgb,1.0,1.0,1.0,1.0,1.0,1.0,1.0,0.99,1.0,1.0,1.0,0.99,1.0
42-Clean_nsl_kdd_full_dataset-smote-xgboost.txt,42,Clean_nsl_kdd_full_dataset,smote,xgboost,1.0,1.0,1.0,1.0,1.0,1.0,1.0,1.0,1.0,1.0,1.0,0.99,1.0
42-Clean_nsl_kdd_full_dataset-smote_filtered-random_forest.txt,42,Clean_nsl_kdd_full_dataset,smote_filtered,random_forest,1.0,1.0,1.0,1.0,1.0,1.0,1.0,1.0,1.0,1.0,1.0,0.99,0.99
42-Clean_nsl_kdd_full_dataset-smote_filtered-tune_hgb.txt,42,Clean_nsl_kdd_full_dataset,smote_filtered,tune_hgb,1.0,1.0,1.0,1.0,1.0,1.0,1.0,0.99,1.0,1.0,1.0,0.99,0.99
42-Clean_nsl_kdd_full_dataset-smote_filtered-xgboost.txt,42,Clean_nsl_kdd_full_dataset,smote_filtered,xgboost,1.0,1.0,1.0,1.0,1.0,1.0,1.0,1.0,1.0,1.0,1.0,0.99,1.0
42-Clean_nsl_kdd_full_dataset-smotified_gan-random_forest.txt,42,Clean_nsl_kdd_full_dataset,smotified_gan,random_forest,0.99,0.99,0.99,0.99,0.99,0.99,0.99,0.99,0.99,0.99,0.99,0.99,0.99
42-Clean_nsl_kdd_full_dataset-smotified_gan-tune_hgb.txt,42,Clean_nsl_kdd_full_dataset,smotified_gan,tune_hgb,1.0,1.0,1.0,1.0,1.0,1.0,1.0,0.99,1.0,1.0,1.0,0.99,1.0
42-Clean_nsl_kdd_full_dataset-smotified_gan-xgboost.txt,42,Clean_nsl_kdd_full_dataset,smotified_gan,xgboost,1.0,1.0,1.0,1.0,1.0,1.0,1.0,0.99,1.0,1.0,1.0,0.99,1.0
42-Clean_nsl_kdd_full_dataset-smotified_gan_filtered-random_forest.txt,42,Clean_nsl_kdd_full_dataset,smotified_gan_filtered,random_forest,0.99,0.99,0.99,0.99,0.99,0.99,0.99,0.99,0.99,0.99,0.99,0.99,0.99
42-Clean_nsl_kdd_full_dataset-smotified_gan_filtered-tune_hgb.txt,42,Clean_nsl_kdd_full_dataset,smotified_gan_filtered,tune_hgb,1.0,1.0,1.0,1.0,1.0,1.0,1.0,0.99,1.0,1.0,1.0,0.99,0.99
42-Clean_nsl_kdd_full_dataset-smotified_gan_filtered-xgboost.txt,42,Clean_nsl_kdd_full_dataset,smotified_gan_filtered,xgboost,1.0,1.0,1.0,1.0,1.0,1.0,1.0,0.99,1.0,1.0,1.0,0.99,1.0
42-Clean_nsl_kdd_full_dataset-wgangp-random_forest.txt,42,Clean_nsl_kdd_full_dataset,wgangp,random_forest,1.0,1.0,1.0,1.0,1.0,1.0,1.0,0.99,1.0,1.0,1.0,0.99,1.0
42-Clean_nsl_kdd_full_dataset-wgangp-tune_hgb.txt,42,Clean_nsl_kdd_full_dataset,wgangp,tune_hgb,1.0,1.0,1.0,1.0,1.0,1.0,1.0,0.99,1.0,1.0,1.0,0.99,1.0
42-Clean_nsl_kdd_full_dataset-wgangp-xgboost.txt,42,Clean_nsl_kdd_full_dataset,wgangp,xgboost,1.0,1.0,1.0,1.0,1.0,1.0,1.0,0.99,1.0,1.0,1.0,0.99,1.0
42-Clean_nsl_kdd_full_dataset-wgangp_filtered-random_forest.txt,42,Clean_nsl_kdd_full_dataset,wgangp_filtered,random_forest,1.0,1.0,1.0,1.0,1.0,1.0,1.0,1.0,1.0,1.0,1.0,0.99,1.0
42-Clean_nsl_kdd_full_dataset-wgangp_filtered-tune_hgb.txt,42,Clean_nsl_kdd_full_dataset,wgangp_filtered,tune_hgb,1.0,1.0,1.0,1.0,1.0,1.0,1.0,0.99,1.0,1.0,1.0,0.99,1.0
42-Clean_nsl_kdd_full_dataset-wgangp_filtered-xgboost.txt,42,Clean_nsl_kdd_full_dataset,wgangp_filtered,xgboost,1.0,1.0,1.0,1.0,1.0,1.0,1.0,0.99,1.0,1.0,1.0,0.99,1.0
42-Clean_pimadiabetes-baseline-lightgbm.txt,42,Clean_pimadiabetes,baseline,lightgbm,0.77,0.74,0.73,0.74,0.76,0.77,0.76,0.81,0.84,0.82,0.68,0.63,0.65
42-Clean_pimadiabetes-baseline-random_forest.txt,42,Clean_pimadiabetes,baseline,random_forest,0.77,0.76,0.73,0.74,0.77,0.77,0.77,0.79,0.89,0.84,0.73,0.57,0.64
42-Clean_pimadiabetes-baseline-tune_hgb.txt,42,Clean_pimadiabetes,baseline,tune_hgb,0.75,0.74,0.69,0.7,0.75,0.75,0.74,0.76,0.9,0.83,0.72,0.48,0.58
42-Clean_pimadiabetes-baseline-xgboost.txt,42,Clean_pimadiabetes,baseline,xgboost,0.74,0.72,0.7,0.71,0.74,0.74,0.74,0.78,0.84,0.81,0.66,0.57,0.61
42-Clean_pimadiabetes-ctgan-lightgbm.txt,42,Clean_pimadiabetes,ctgan,lightgbm,0.73,0.7,0.69,0.69,0.72,0.73,0.72,0.77,0.82,0.8,0.62,0.56,0.59
42-Clean_pimadiabetes-ctgan-random_forest.txt,42,Clean_pimadiabetes,ctgan,random_forest,0.75,0.73,0.73,0.73,0.75,0.75,0.75,0.81,0.81,0.81,0.65,0.64,0.65
42-Clean_pimadiabetes-ctgan-tune_hgb.txt,42,Clean_pimadiabetes,ctgan,tune_hgb,0.73,0.7,0.7,0.7,0.73,0.73,0.73,0.79,0.79,0.79,0.61,0.6,0.61
42-Clean_pimadiabetes-ctgan-xgboost.txt,42,Clean_pimadiabetes,ctgan,xgboost,0.75,0.73,0.71,0.72,0.75,0.75,0.75,0.79,0.85,0.82,0.67,0.58,0.62
42-Clean_pimadiabetes-ctgan_filtered-lightgbm.txt,42,Clean_pimadiabetes,ctgan_filtered,lightgbm,0.76,0.73,0.73,0.73,0.75,0.76,0.76,0.8,0.83,0.82,0.67,0.62,0.64
42-Clean_pimadiabetes-ctgan_filtered-random_forest.txt,42,Clean_pimadiabetes,ctgan_filtered,random_forest,0.76,0.73,0.73,0.73,0.76,0.76,0.76,0.81,0.83,0.82,0.66,0.63,0.65
42-Clean_pimadiabetes-ctgan_filtered-tune_hgb.txt,42,Clean_pimadiabetes,ctgan_filtered,tune_hgb,0.74,0.72,0.71,0.71,0.74,0.74,0.74,0.79,0.83,0.81,0.65,0.58,0.61
42-Clean_pimadiabetes-ctgan_filtered-xgboost.txt,42,Clean_pimadiabetes,ctgan_filtered,xgboost,0.74,0.71,0.7,0.71,0.74,0.74,0.74,0.78,0.83,0.81,0.64,0.58,0.61
42-Clean_pimadiabetes-gan_from_tutorial-random_forest.txt,42,Clean_pimadiabetes,gan_from_tutorial,random_forest,0.77,0.75,0.72,0.73,0.76,0.77,0.76,0.79,0.87,0.83,0.71,0.57,0.63
42-Clean_pimadiabetes-gan_from_tutorial-tune_hgb.txt,42,Clean_pimadiabetes,gan_from_tutorial,tune_hgb,0.73,0.7,0.68,0.69,0.72,0.73,0.72,0.77,0.83,0.8,0.63,0.53,0.58
42-Clean_pimadiabetes-gan_from_tutorial-xgboost.txt,42,Clean_pimadiabetes,gan_from_tutorial,xgboost,0.74,0.71,0.71,0.71,0.74,0.74,0.74,0.79,0.82,0.8,0.64,0.59,0.62
42-Clean_pimadiabetes-gan_from_tutorial_filtered-random_forest.txt,42,Clean_pimadiabetes,gan_from_tutorial_filtered,random_forest,0.77,0.75,0.76,0.75,0.77,0.77,0.77,0.83,0.81,0.82,0.66,0.7,0.68
42-Clean_pimadiabetes-gan_from_tutorial_filtered-tune_hgb.txt,42,Clean_pimadiabetes,gan_from_tutorial_filtered,tune_hgb,0.75,0.72,0.73,0.73,0.75,0.75,0.75,0.81,0.8,0.81,0.64,0.65,0.65
42-Clean_pimadiabetes-gan_from_tutorial_filtered-xgboost.txt,42,Clean_pimadiabetes,gan_from_tutorial_filtered,xgboost,0.74,0.71,0.72,0.71,0.74,0.74,0.74,0.81,0.78,0.79,0.62,0.65,0.63
42-Clean_pimadiabetes-gan_paper_2-random_forest.txt,42,Clean_pimadiabetes,gan_paper_2,random_forest,0.76,0.74,0.74,0.74,0.76,0.76,0.76,0.81,0.82,0.82,0.66,0.65,0.66
42-Clean_pimadiabetes-gan_paper_2-tune_hgb.txt,42,Clean_pimadiabetes,gan_paper_2,tune_hgb,0.72,0.7,0.7,0.7,0.72,0.72,0.72,0.79,0.78,0.79,0.6,0.62,0.61
42-Clean_pimadiabetes-gan_paper_2-xgboost.txt,42,Clean_pimadiabetes,gan_paper_2,xgboost,0.76,0.73,0.73,0.73,0.75,0.76,0.76,0.8,0.83,0.82,0.67,0.62,0.64
42-Clean_pimadiabetes-gan_paper_2_filtered-random_forest.txt,42,Clean_pimadiabetes,gan_paper_2_filtered,random_forest,0.77,0.74,0.73,0.74,0.76,0.77,0.76,0.8,0.85,0.82,0.68,0.62,0.65
42-Clean_pimadiabetes-gan_paper_2_filtered-tune_hgb.txt,42,Clean_pimadiabetes,gan_paper_2_filtered,tune_hgb,0.74,0.71,0.7,0.7,0.73,0.74,0.73,0.78,0.84,0.81,0.65,0.56,0.6
42-Clean_pimadiabetes-gan_paper_2_filtered-xgboost.txt,42,Clean_pimadiabetes,gan_paper_2_filtered,xgboost,0.74,0.71,0.7,0.7,0.73,0.74,0.73,0.78,0.83,0.8,0.64,0.57,0.6
42-Clean_pimadiabetes-smote-random_forest.txt,42,Clean_pimadiabetes,smote,random_forest,0.79,0.77,0.77,0.77,0.79,0.79,0.79,0.84,0.83,0.84,0.69,0.72,0.7
42-Clean_pimadiabetes-smote-tune_hgb.txt,42,Clean_pimadiabetes,smote,tune_hgb,0.73,0.71,0.71,0.71,0.73,0.73,0.73,0.8,0.79,0.79,0.61,0.63,0.62
42-Clean_pimadiabetes-smote-xgboost.txt,42,Clean_pimadiabetes,smote,xgboost,0.73,0.7,0.7,0.7,0.73,0.73,0.73,0.79,0.79,0.79,0.61,0.6,0.61
42-Clean_pimadiabetes-smote_filtered-random_forest.txt,42,Clean_pimadiabetes,smote_filtered,random_forest,0.77,0.75,0.76,0.76,0.78,0.77,0.78,0.84,0.81,0.82,0.67,0.72,0.69
42-Clean_pimadiabetes-smote_filtered-tune_hgb.txt,42,Clean_pimadiabetes,smote_filtered,tune_hgb,0.73,0.71,0.71,0.71,0.73,0.73,0.73,0.8,0.79,0.79,0.61,0.63,0.62
42-Clean_pimadiabetes-smote_filtered-xgboost.txt,42,Clean_pimadiabetes,smote_filtered,xgboost,0.73,0.7,0.7,0.7,0.73,0.73,0.73,0.79,0.79,0.79,0.61,0.6,0.61
42-Clean_pimadiabetes-smotified_gan-random_forest.txt,42,Clean_pimadiabetes,smotified_gan,random_forest,0.78,0.77,0.75,0.75,0.78,0.78,0.78,0.81,0.87,0.84,0.72,0.63,0.67
42-Clean_pimadiabetes-smotified_gan-tune_hgb.txt,42,Clean_pimadiabetes,smotified_gan,tune_hgb,0.67,0.64,0.56,0.54,0.65,0.67,0.61,0.68,0.93,0.79,0.59,0.2,0.3
42-Clean_pimadiabetes-smotified_gan-xgboost.txt,42,Clean_pimadiabetes,smotified_gan,xgboost,0.72,0.69,0.68,0.68,0.71,0.72,0.72,0.77,0.81,0.79,0.61,0.56,0.58
42-Clean_pimadiabetes-smotified_gan_filtered-random_forest.txt,42,Clean_pimadiabetes,smotified_gan_filtered,random_forest,0.77,0.76,0.72,0.74,0.77,0.77,0.77,0.79,0.89,0.84,0.74,0.56,0.63
42-Clean_pimadiabetes-smotified_gan_filtered-tune_hgb.txt,42,Clean_pimadiabetes,smotified_gan_filtered,tune_hgb,0.69,0.72,0.57,0.53,0.71,0.69,0.61,0.68,0.97,0.8,0.76,0.16,0.27
42-Clean_pimadiabetes-smotified_gan_filtered-xgboost.txt,42,Clean_pimadiabetes,smotified_gan_filtered,xgboost,0.74,0.71,0.7,0.71,0.73,0.74,0.73,0.79,0.81,0.8,0.63,0.59,0.61
42-Clean_pimadiabetes-wgangp-random_forest.txt,42,Clean_pimadiabetes,wgangp,random_forest,0.77,0.75,0.73,0.74,0.77,0.77,0.76,0.79,0.87,0.83,0.71,0.58,0.64
42-Clean_pimadiabetes-wgangp-tune_hgb.txt,42,Clean_pimadiabetes,wgangp,tune_hgb,0.78,0.76,0.76,0.76,0.78,0.78,0.78,0.82,0.85,0.84,0.7,0.67,0.68
42-Clean_pimadiabetes-wgangp-xgboost.txt,42,Clean_pimadiabetes,wgangp,xgboost,0.74,0.71,0.7,0.71,0.74,0.74,0.74,0.78,0.83,0.81,0.64,0.58,0.61
42-Clean_pimadiabetes-wgangp_filtered-random_forest.txt,42,Clean_pimadiabetes,wgangp_filtered,random_forest,0.77,0.75,0.73,0.73,0.76,0.77,0.76,0.8,0.86,0.83,0.7,0.59,0.64
42-Clean_pimadiabetes-wgangp_filtered-tune_hgb.txt,42,Clean_pimadiabetes,wgangp_filtered,tune_hgb,0.78,0.76,0.76,0.76,0.78,0.78,0.78,0.82,0.85,0.84,0.7,0.67,0.68
42-Clean_pimadiabetes-wgangp_filtered-xgboost.txt,42,Clean_pimadiabetes,wgangp_filtered,xgboost,0.74,0.71,0.69,0.7,0.73,0.74,0.73,0.78,0.83,0.8,0.64,0.56,0.6
42-Clean_shuttle_full_dataset-baseline-lightgbm.txt,42,Clean_shuttle_full_dataset,baseline,lightgbm,1.0,1.0,1.0,1.0,1.0,1.0,1.0,1.0,1.0,1.0,1.0,1.0,1.0
42-Clean_shuttle_full_dataset-baseline-random_forest.txt,42,Clean_shuttle_full_dataset,baseline,random_forest,1.0,1.0,1.0,1.0,1.0,1.0,1.0,1.0,1.0,1.0,1.0,1.0,1.0
42-Clean_shuttle_full_dataset-baseline-tune_hgb.txt,42,Clean_shuttle_full_dataset,baseline,tune_hgb,1.0,1.0,1.0,1.0,1.0,1.0,1.0,1.0,1.0,1.0,1.0,1.0,1.0
42-Clean_shuttle_full_dataset-baseline-xgboost.txt,42,Clean_shuttle_full_dataset,baseline,xgboost,1.0,1.0,1.0,1.0,1.0,1.0,1.0,1.0,1.0,1.0,1.0,1.0,1.0
42-Clean_shuttle_full_dataset-ctgan-lightgbm.txt,42,Clean_shuttle_full_dataset,ctgan,lightgbm,1.0,1.0,1.0,1.0,1.0,1.0,1.0,1.0,1.0,1.0,1.0,1.0,1.0
42-Clean_shuttle_full_dataset-ctgan-random_forest.txt,42,Clean_shuttle_full_dataset,ctgan,random_forest,1.0,1.0,1.0,1.0,1.0,1.0,1.0,1.0,1.0,1.0,1.0,1.0,1.0
42-Clean_shuttle_full_dataset-ctgan-tune_hgb.txt,42,Clean_shuttle_full_dataset,ctgan,tune_hgb,1.0,1.0,1.0,1.0,1.0,1.0,1.0,1.0,1.0,1.0,1.0,1.0,1.0
42-Clean_shuttle_full_dataset-ctgan-xgboost.txt,42,Clean_shuttle_full_dataset,ctgan,xgboost,1.0,1.0,1.0,1.0,1.0,1.0,1.0,1.0,1.0,1.0,1.0,1.0,1.0
42-Clean_shuttle_full_dataset-ctgan_filtered-lightgbm.txt,42,Clean_shuttle_full_dataset,ctgan_filtered,lightgbm,1.0,1.0,1.0,1.0,1.0,1.0,1.0,1.0,1.0,1.0,1.0,1.0,1.0
42-Clean_shuttle_full_dataset-ctgan_filtered-random_forest.txt,42,Clean_shuttle_full_dataset,ctgan_filtered,random_forest,1.0,1.0,1.0,1.0,1.0,1.0,1.0,1.0,1.0,1.0,1.0,1.0,1.0
42-Clean_shuttle_full_dataset-ctgan_filtered-tune_hgb.txt,42,Clean_shuttle_full_dataset,ctgan_filtered,tune_hgb,1.0,1.0,1.0,1.0,1.0,1.0,1.0,1.0,1.0,1.0,1.0,1.0,1.0
42-Clean_shuttle_full_dataset-ctgan_filtered-xgboost.txt,42,Clean_shuttle_full_dataset,ctgan_filtered,xgboost,1.0,1.0,1.0,1.0,1.0,1.0,1.0,1.0,1.0,1.0,1.0,1.0,1.0
42-Clean_shuttle_full_dataset-gan_from_tutorial-random_forest.txt,42,Clean_shuttle_full_dataset,gan_from_tutorial,random_forest,1.0,1.0,1.0,1.0,1.0,1.0,1.0,1.0,1.0,1.0,1.0,1.0,1.0
42-Clean_shuttle_full_dataset-gan_from_tutorial-tune_hgb.txt,42,Clean_shuttle_full_dataset,gan_from_tutorial,tune_hgb,1.0,1.0,1.0,1.0,1.0,1.0,1.0,1.0,1.0,1.0,1.0,1.0,1.0
42-Clean_shuttle_full_dataset-gan_from_tutorial-xgboost.txt,42,Clean_shuttle_full_dataset,gan_from_tutorial,xgboost,1.0,1.0,1.0,1.0,1.0,1.0,1.0,1.0,1.0,1.0,1.0,1.0,1.0
42-Clean_shuttle_full_dataset-gan_from_tutorial_filtered-random_forest.txt,42,Clean_shuttle_full_dataset,gan_from_tutorial_filtered,random_forest,1.0,1.0,1.0,1.0,1.0,1.0,1.0,1.0,1.0,1.0,1.0,1.0,1.0
42-Clean_shuttle_full_dataset-gan_from_tutorial_filtered-tune_hgb.txt,42,Clean_shuttle_full_dataset,gan_from_tutorial_filtered,tune_hgb,1.0,1.0,1.0,1.0,1.0,1.0,1.0,1.0,1.0,1.0,1.0,1.0,1.0
42-Clean_shuttle_full_dataset-gan_from_tutorial_filtered-xgboost.txt,42,Clean_shuttle_full_dataset,gan_from_tutorial_filtered,xgboost,1.0,1.0,1.0,1.0,1.0,1.0,1.0,1.0,1.0,1.0,1.0,1.0,1.0
42-Clean_shuttle_full_dataset-gan_paper_2-random_forest.txt,42,Clean_shuttle_full_dataset,gan_paper_2,random_forest,1.0,1.0,1.0,1.0,1.0,1.0,1.0,1.0,1.0,1.0,1.0,1.0,1.0
42-Clean_shuttle_full_dataset-gan_paper_2-tune_hgb.txt,42,Clean_shuttle_full_dataset,gan_paper_2,tune_hgb,1.0,1.0,1.0,1.0,1.0,1.0,1.0,1.0,1.0,1.0,1.0,1.0,1.0
42-Clean_shuttle_full_dataset-gan_paper_2-xgboost.txt,42,Clean_shuttle_full_dataset,gan_paper_2,xgboost,1.0,1.0,1.0,1.0,1.0,1.0,1.0,1.0,1.0,1.0,1.0,1.0,1.0
42-Clean_shuttle_full_dataset-gan_paper_2_filtered-random_forest.txt,42,Clean_shuttle_full_dataset,gan_paper_2_filtered,random_forest,1.0,1.0,1.0,1.0,1.0,1.0,1.0,1.0,1.0,1.0,1.0,1.0,1.0
42-Clean_shuttle_full_dataset-gan_paper_2_filtered-tune_hgb.txt,42,Clean_shuttle_full_dataset,gan_paper_2_filtered,tune_hgb,1.0,1.0,1.0,1.0,1.0,1.0,1.0,1.0,1.0,1.0,1.0,1.0,1.0
42-Clean_shuttle_full_dataset-gan_paper_2_filtered-xgboost.txt,42,Clean_shuttle_full_dataset,gan_paper_2_filtered,xgboost,1.0,1.0,1.0,1.0,1.0,1.0,1.0,1.0,1.0,1.0,1.0,1.0,1.0
42-Clean_shuttle_full_dataset-smote-random_forest.txt,42,Clean_shuttle_full_dataset,smote,random_forest,1.0,1.0,1.0,1.0,1.0,1.0,1.0,1.0,1.0,1.0,1.0,1.0,1.0
42-Clean_shuttle_full_dataset-smote-tune_hgb.txt,42,Clean_shuttle_full_dataset,smote,tune_hgb,0.79,0.39,0.5,0.44,0.62,0.79,0.69,0.79,1.0,0.88,0.0,0.0,0.0
42-Clean_shuttle_full_dataset-smote-xgboost.txt,42,Clean_shuttle_full_dataset,smote,xgboost,1.0,1.0,1.0,1.0,1.0,1.0,1.0,1.0,1.0,1.0,1.0,1.0,1.0
42-Clean_shuttle_full_dataset-smote_filtered-random_forest.txt,42,Clean_shuttle_full_dataset,smote_filtered,random_forest,1.0,1.0,1.0,1.0,1.0,1.0,1.0,1.0,1.0,1.0,1.0,1.0,1.0
42-Clean_shuttle_full_dataset-smote_filtered-tune_hgb.txt,42,Clean_shuttle_full_dataset,smote_filtered,tune_hgb,0.79,0.39,0.5,0.44,0.62,0.79,0.69,0.79,1.0,0.88,0.0,0.0,0.0
42-Clean_shuttle_full_dataset-smote_filtered-xgboost.txt,42,Clean_shuttle_full_dataset,smote_filtered,xgboost,1.0,1.0,1.0,1.0,1.0,1.0,1.0,1.0,1.0,1.0,1.0,1.0,1.0
42-Clean_shuttle_full_dataset-smotified_gan-random_forest.txt,42,Clean_shuttle_full_dataset,smotified_gan,random_forest,1.0,1.0,1.0,1.0,1.0,1.0,1.0,1.0,1.0,1.0,1.0,1.0,1.0
42-Clean_shuttle_full_dataset-smotified_gan-tune_hgb.txt,42,Clean_shuttle_full_dataset,smotified_gan,tune_hgb,0.79,0.39,0.5,0.44,0.62,0.79,0.69,0.79,1.0,0.88,0.0,0.0,0.0
42-Clean_shuttle_full_dataset-smotified_gan-xgboost.txt,42,Clean_shuttle_full_dataset,smotified_gan,xgboost,1.0,1.0,1.0,1.0,1.0,1.0,1.0,1.0,1.0,1.0,1.0,1.0,1.0
42-Clean_shuttle_full_dataset-smotified_gan_filtered-random_forest.txt,42,Clean_shuttle_full_dataset,smotified_gan_filtered,random_forest,1.0,1.0,1.0,1.0,1.0,1.0,1.0,1.0,1.0,1.0,1.0,1.0,1.0
42-Clean_shuttle_full_dataset-smotified_gan_filtered-tune_hgb.txt,42,Clean_shuttle_full_dataset,smotified_gan_filtered,tune_hgb,1.0,1.0,1.0,1.0,1.0,1.0,1.0,1.0,1.0,1.0,1.0,1.0,1.0
42-Clean_shuttle_full_dataset-smotified_gan_filtered-xgboost.txt,42,Clean_shuttle_full_dataset,smotified_gan_filtered,xgboost,1.0,1.0,1.0,1.0,1.0,1.0,1.0,1.0,1.0,1.0,1.0,1.0,1.0
42-Clean_shuttle_full_dataset-wgangp-random_forest.txt,42,Clean_shuttle_full_dataset,wgangp,random_forest,1.0,1.0,1.0,1.0,1.0,1.0,1.0,1.0,1.0,1.0,1.0,1.0,1.0
42-Clean_shuttle_full_dataset-wgangp-tune_hgb.txt,42,Clean_shuttle_full_dataset,wgangp,tune_hgb,1.0,1.0,1.0,1.0,1.0,1.0,1.0,1.0,1.0,1.0,1.0,1.0,1.0
42-Clean_shuttle_full_dataset-wgangp-xgboost.txt,42,Clean_shuttle_full_dataset,wgangp,xgboost,1.0,1.0,1.0,1.0,1.0,1.0,1.0,1.0,1.0,1.0,1.0,1.0,1.0
42-Clean_shuttle_full_dataset-wgangp_filtered-random_forest.txt,42,Clean_shuttle_full_dataset,wgangp_filtered,random_forest,1.0,1.0,1.0,1.0,1.0,1.0,1.0,1.0,1.0,1.0,1.0,1.0,1.0
42-Clean_shuttle_full_dataset-wgangp_filtered-tune_hgb.txt,42,Clean_shuttle_full_dataset,wgangp_filtered,tune_hgb,1.0,1.0,1.0,1.0,1.0,1.0,1.0,1.0,1.0,1.0,1.0,1.0,1.0
42-Clean_shuttle_full_dataset-wgangp_filtered-xgboost.txt,42,Clean_shuttle_full_dataset,wgangp_filtered,xgboost,1.0,1.0,1.0,1.0,1.0,1.0,1.0,1.0,1.0,1.0,1.0,1.0,1.0
42-Clean_Titanic-Dataset-baseline-lightgbm.txt,42,Clean_Titanic,Dataset,baseline-lightgbm,0.8,0.79,0.78,0.78,0.8,0.8,0.8,0.81,0.87,0.84,0.77,0.68,0.72
42-Clean_Titanic-Dataset-baseline-random_forest.txt,42,Clean_Titanic,Dataset,baseline-random_forest,0.77,0.76,0.75,0.76,0.77,0.77,0.77,0.8,0.84,0.82,0.72,0.67,0.69
42-Clean_Titanic-Dataset-baseline-tune_hgb.txt,42,Clean_Titanic,Dataset,baseline-tune_hgb,0.81,0.8,0.78,0.79,0.8,0.81,0.8,0.82,0.88,0.85,0.78,0.69,0.73
42-Clean_Titanic-Dataset-baseline-xgboost.txt,42,Clean_Titanic,Dataset,baseline-xgboost,0.78,0.78,0.76,0.76,0.78,0.78,0.78,0.8,0.87,0.83,0.75,0.65,0.7
42-Clean_Titanic-Dataset-ctgan-lightgbm.txt,42,Clean_Titanic,Dataset,ctgan-lightgbm,0.82,0.82,0.79,0.8,0.82,0.82,0.81,0.82,0.9,0.86,0.81,0.68,0.74
42-Clean_Titanic-Dataset-ctgan-random_forest.txt,42,Clean_Titanic,Dataset,ctgan-random_forest,0.79,0.78,0.77,0.77,0.79,0.79,0.79,0.81,0.85,0.83,0.74,0.69,0.71
42-Clean_Titanic-Dataset-ctgan-tune_hgb.txt,42,Clean_Titanic,Dataset,ctgan-tune_hgb,0.81,0.81,0.79,0.8,0.81,0.81,0.81,0.83,0.88,0.85,0.78,0.71,0.74
42-Clean_Titanic-Dataset-ctgan-xgboost.txt,42,Clean_Titanic,Dataset,ctgan-xgboost,0.81,0.8,0.79,0.8,0.81,0.81,0.81,0.83,0.87,0.85,0.78,0.71,0.74
42-Clean_Titanic-Dataset-ctgan_filtered-lightgbm.txt,42,Clean_Titanic,Dataset,ctgan_filtered-lightgbm,0.8,0.79,0.78,0.79,0.8,0.8,0.8,0.82,0.87,0.84,0.77,0.7,0.73
42-Clean_Titanic-Dataset-ctgan_filtered-random_forest.txt,42,Clean_Titanic,Dataset,ctgan_filtered-random_forest,0.79,0.78,0.77,0.77,0.79,0.79,0.79,0.81,0.87,0.84,0.76,0.67,0.71
42-Clean_Titanic-Dataset-ctgan_filtered-tune_hgb.txt,42,Clean_Titanic,Dataset,ctgan_filtered-tune_hgb,0.82,0.83,0.79,0.8,0.83,0.82,0.81,0.81,0.93,0.87,0.86,0.64,0.73
42-Clean_Titanic-Dataset-ctgan_filtered-xgboost.txt,42,Clean_Titanic,Dataset,ctgan_filtered-xgboost,0.8,0.79,0.77,0.78,0.8,0.8,0.8,0.81,0.88,0.84,0.78,0.67,0.72
42-Clean_Titanic-Dataset-gan_from_tutorial-random_forest.txt,42,Clean_Titanic,Dataset,gan_from_tutorial-random_forest,0.8,0.79,0.79,0.79,0.8,0.8,0.8,0.83,0.85,0.84,0.75,0.73,0.74
42-Clean_Titanic-Dataset-gan_from_tutorial-tune_hgb.txt,42,Clean_Titanic,Dataset,gan_from_tutorial-tune_hgb,0.81,0.82,0.78,0.79,0.81,0.81,0.8,0.8,0.92,0.86,0.83,0.63,0.72
42-Clean_Titanic-Dataset-gan_from_tutorial-xgboost.txt,42,Clean_Titanic,Dataset,gan_from_tutorial-xgboost,0.81,0.81,0.78,0.79,0.81,0.81,0.81,0.81,0.9,0.85,0.8,0.67,0.73
42-Clean_Titanic-Dataset-gan_from_tutorial_filtered-random_forest.txt,42,Clean_Titanic,Dataset,gan_from_tutorial_filtered-random_forest,0.79,0.78,0.78,0.78,0.79,0.79,0.79,0.84,0.82,0.83,0.72,0.75,0.73
42-Clean_Titanic-Dataset-gan_from_tutorial_filtered-tune_hgb.txt,42,Clean_Titanic,Dataset,gan_from_tutorial_filtered-tune_hgb,0.79,0.78,0.78,0.78,0.79,0.79,0.79,0.83,0.82,0.83,0.72,0.74,0.73
42-Clean_Titanic-Dataset-gan_from_tutorial_filtered-xgboost.txt,42,Clean_Titanic,Dataset,gan_from_tutorial_filtered-xgboost,0.81,0.8,0.78,0.79,0.8,0.81,0.8,0.82,0.88,0.85,0.78,0.69,0.73
42-Clean_Titanic-Dataset-gan_paper_2-random_forest.txt,42,Clean_Titanic,Dataset,gan_paper_2-random_forest,0.78,0.77,0.77,0.77,0.78,0.78,0.78,0.81,0.84,0.83,0.73,0.69,0.71
42-Clean_Titanic-Dataset-gan_paper_2-tune_hgb.txt,42,Clean_Titanic,Dataset,gan_paper_2-tune_hgb,0.8,0.82,0.76,0.77,0.81,0.8,0.79,0.78,0.94,0.85,0.86,0.57,0.69
42-Clean_Titanic-Dataset-gan_paper_2-xgboost.txt,42,Clean_Titanic,Dataset,gan_paper_2-xgboost,0.79,0.78,0.76,0.77,0.78,0.79,0.78,0.8,0.87,0.83,0.76,0.66,0.7
42-Clean_Titanic-Dataset-gan_paper_2_filtered-random_forest.txt,42,Clean_Titanic,Dataset,gan_paper_2_filtered-random_forest,0.79,0.78,0.77,0.77,0.78,0.79,0.78,0.81,0.86,0.83,0.75,0.67,0.71
42-Clean_Titanic-Dataset-gan_paper_2_filtered-tune_hgb.txt,42,Clean_Titanic,Dataset,gan_paper_2_filtered-tune_hgb,0.81,0.8,0.78,0.79,0.8,0.81,0.8,0.82,0.88,0.85,0.78,0.69,0.73
42-Clean_Titanic-Dataset-gan_paper_2_filtered-xgboost.txt,42,Clean_Titanic,Dataset,gan_paper_2_filtered-xgboost,0.81,0.81,0.78,0.79,0.81,0.81,0.81,0.81,0.9,0.85,0.8,0.67,0.73
42-Clean_Titanic-Dataset-smote-random_forest.txt,42,Clean_Titanic,Dataset,smote-random_forest,0.79,0.78,0.77,0.78,0.79,0.79,0.79,0.82,0.85,0.83,0.74,0.7,0.72
42-Clean_Titanic-Dataset-smote-tune_hgb.txt,42,Clean_Titanic,Dataset,smote-tune_hgb,0.82,0.81,0.79,0.8,0.82,0.82,0.81,0.83,0.89,0.86,0.8,0.7,0.75
42-Clean_Titanic-Dataset-smote-xgboost.txt,42,Clean_Titanic,Dataset,smote-xgboost,0.79,0.78,0.77,0.77,0.79,0.79,0.79,0.81,0.86,0.84,0.75,0.68,0.71
42-Clean_Titanic-Dataset-smote_filtered-random_forest.txt,42,Clean_Titanic,Dataset,smote_filtered-random_forest,0.79,0.78,0.78,0.78,0.79,0.79,0.79,0.83,0.84,0.83,0.73,0.72,0.73
42-Clean_Titanic-Dataset-smote_filtered-tune_hgb.txt,42,Clean_Titanic,Dataset,smote_filtered-tune_hgb,0.81,0.8,0.78,0.79,0.8,0.81,0.8,0.81,0.89,0.85,0.79,0.67,0.73
42-Clean_Titanic-Dataset-smote_filtered-xgboost.txt,42,Clean_Titanic,Dataset,smote_filtered-xgboost,0.79,0.79,0.77,0.78,0.79,0.79,0.79,0.81,0.87,0.84,0.76,0.68,0.72
42-Clean_Titanic-Dataset-smotified_gan-random_forest.txt,42,Clean_Titanic,Dataset,smotified_gan-random_forest,0.8,0.79,0.78,0.78,0.8,0.8,0.8,0.81,0.87,0.84,0.77,0.68,0.72
42-Clean_Titanic-Dataset-smotified_gan-tune_hgb.txt,42,Clean_Titanic,Dataset,smotified_gan-tune_hgb,0.8,0.8,0.77,0.78,0.8,0.8,0.8,0.8,0.9,0.85,0.8,0.64,0.71
42-Clean_Titanic-Dataset-smotified_gan-xgboost.txt,42,Clean_Titanic,Dataset,smotified_gan-xgboost,0.81,0.8,0.78,0.79,0.8,0.81,0.8,0.81,0.89,0.85,0.79,0.67,0.73
42-Clean_Titanic-Dataset-smotified_gan_filtered-random_forest.txt,42,Clean_Titanic,Dataset,smotified_gan_filtered-random_forest,0.8,0.79,0.78,0.79,0.8,0.8,0.8,0.82,0.87,0.84,0.77,0.7,0.73
42-Clean_Titanic-Dataset-smotified_gan_filtered-tune_hgb.txt,42,Clean_Titanic,Dataset,smotified_gan_filtered-tune_hgb,0.81,0.81,0.78,0.79,0.81,0.81,0.8,0.81,0.91,0.85,0.82,0.65,0.72
42-Clean_Titanic-Dataset-smotified_gan_filtered-xgboost.txt,42,Clean_Titanic,Dataset,smotified_gan_filtered-xgboost,0.8,0.8,0.78,0.78,0.8,0.8,0.8,0.81,0.89,0.85,0.79,0.66,0.72
42-Clean_Titanic-Dataset-wgangp-random_forest.txt,42,Clean_Titanic,Dataset,wgangp-random_forest,0.79,0.79,0.77,0.78,0.79,0.79,0.79,0.81,0.88,0.84,0.77,0.66,0.71
42-Clean_Titanic-Dataset-wgangp-tune_hgb.txt,42,Clean_Titanic,Dataset,wgangp-tune_hgb,0.79,0.79,0.77,0.78,0.79,0.79,0.79,0.81,0.87,0.84,0.77,0.67,0.72
42-Clean_Titanic-Dataset-wgangp-xgboost.txt,42,Clean_Titanic,Dataset,wgangp-xgboost,0.81,0.81,0.78,0.79,0.81,0.81,0.81,0.81,0.9,0.85,0.8,0.67,0.73
42-Clean_Titanic-Dataset-wgangp_filtered-random_forest.txt,42,Clean_Titanic,Dataset,wgangp_filtered-random_forest,0.81,0.8,0.79,0.79,0.81,0.81,0.81,0.82,0.88,0.85,0.78,0.7,0.74
42-Clean_Titanic-Dataset-wgangp_filtered-tune_hgb.txt,42,Clean_Titanic,Dataset,wgangp_filtered-tune_hgb,0.79,0.79,0.77,0.78,0.79,0.79,0.79,0.81,0.87,0.84,0.77,0.67,0.72
42-Clean_Titanic-Dataset-wgangp_filtered-xgboost.txt,42,Clean_Titanic,Dataset,wgangp_filtered-xgboost,0.82,0.82,0.79,0.8,0.82,0.82,0.81,0.81,0.92,0.86,0.83,0.66,0.74
42-Clean_weatherAUS-baseline-lightgbm.txt,42,Clean_weatherAUS,baseline,lightgbm,0.86,0.81,0.75,0.78,0.85,0.86,0.85,0.88,0.94,0.91,0.74,0.57,0.64
42-Clean_weatherAUS-baseline-random_forest.txt,42,Clean_weatherAUS,baseline,random_forest,0.86,0.82,0.73,0.76,0.85,0.86,0.84,0.87,0.96,0.91,0.78,0.49,0.6
42-Clean_weatherAUS-baseline-tune_hgb.txt,42,Clean_weatherAUS,baseline,tune_hgb,0.86,0.82,0.75,0.77,0.85,0.86,0.85,0.88,0.95,0.91,0.76,0.54,0.63
42-Clean_weatherAUS-baseline-xgboost.txt,42,Clean_weatherAUS,baseline,xgboost,0.86,0.82,0.75,0.78,0.85,0.86,0.85,0.88,0.95,0.91,0.76,0.56,0.64
42-Clean_weatherAUS-ctgan-lightgbm.txt,42,Clean_weatherAUS,ctgan,lightgbm,0.86,0.81,0.75,0.78,0.85,0.86,0.85,0.88,0.94,0.91,0.74,0.56,0.64
42-Clean_weatherAUS-ctgan-random_forest.txt,42,Clean_weatherAUS,ctgan,random_forest,0.85,0.82,0.73,0.76,0.85,0.85,0.84,0.87,0.96,0.91,0.78,0.5,0.61
42-Clean_weatherAUS-ctgan-tune_hgb.txt,42,Clean_weatherAUS,ctgan,tune_hgb,0.86,0.82,0.75,0.77,0.85,0.86,0.85,0.88,0.95,0.91,0.76,0.54,0.63
42-Clean_weatherAUS-ctgan-xgboost.txt,42,Clean_weatherAUS,ctgan,xgboost,0.86,0.82,0.75,0.78,0.85,0.86,0.85,0.88,0.95,0.91,0.76,0.55,0.64
42-Clean_weatherAUS-ctgan_filtered-lightgbm.txt,42,Clean_weatherAUS,ctgan_filtered,lightgbm,0.86,0.8,0.78,0.79,0.85,0.86,0.85,0.9,0.92,0.91,0.7,0.63,0.66
42-Clean_weatherAUS-ctgan_filtered-random_forest.txt,42,Clean_weatherAUS,ctgan_filtered,random_forest,0.86,0.81,0.75,0.77,0.85,0.86,0.85,0.88,0.94,0.91,0.74,0.56,0.63
42-Clean_weatherAUS-ctgan_filtered-tune_hgb.txt,42,Clean_weatherAUS,ctgan_filtered,tune_hgb,0.85,0.79,0.77,0.78,0.85,0.85,0.85,0.9,0.92,0.91,0.69,0.63,0.66
42-Clean_weatherAUS-ctgan_filtered-xgboost.txt,42,Clean_weatherAUS,ctgan_filtered,xgboost,0.86,0.8,0.77,0.78,0.85,0.86,0.85,0.9,0.92,0.91,0.7,0.63,0.66
42-Clean_weatherAUS-gan_from_tutorial-random_forest.txt,42,Clean_weatherAUS,gan_from_tutorial,random_forest,0.86,0.82,0.73,0.76,0.85,0.86,0.84,0.87,0.96,0.91,0.78,0.5,0.61
42-Clean_weatherAUS-gan_from_tutorial-tune_hgb.txt,42,Clean_weatherAUS,gan_from_tutorial,tune_hgb,0.86,0.82,0.75,0.77,0.85,0.86,0.85,0.88,0.95,0.91,0.76,0.54,0.63
42-Clean_weatherAUS-gan_from_tutorial-xgboost.txt,42,Clean_weatherAUS,gan_from_tutorial,xgboost,0.86,0.82,0.75,0.78,0.85,0.86,0.85,0.88,0.95,0.91,0.75,0.55,0.64
42-Clean_weatherAUS-gan_from_tutorial_filtered-random_forest.txt,42,Clean_weatherAUS,gan_from_tutorial_filtered,random_forest,0.86,0.81,0.75,0.77,0.85,0.86,0.85,0.88,0.94,0.91,0.74,0.56,0.64
42-Clean_weatherAUS-gan_from_tutorial_filtered-tune_hgb.txt,42,Clean_weatherAUS,gan_from_tutorial_filtered,tune_hgb,0.86,0.81,0.75,0.77,0.85,0.86,0.85,0.88,0.95,0.91,0.75,0.54,0.63
42-Clean_weatherAUS-gan_from_tutorial_filtered-xgboost.txt,42,Clean_weatherAUS,gan_from_tutorial_filtered,xgboost,0.85,0.79,0.78,0.79,0.85,0.85,0.85,0.9,0.92,0.91,0.69,0.64,0.66
42-Clean_weatherAUS-gan_paper_2-random_forest.txt,42,Clean_weatherAUS,gan_paper_2,random_forest,0.86,0.83,0.73,0.76,0.85,0.86,0.84,0.87,0.96,0.91,0.78,0.5,0.61
42-Clean_weatherAUS-gan_paper_2-tune_hgb.txt,42,Clean_weatherAUS,gan_paper_2,tune_hgb,0.86,0.82,0.74,0.77,0.85,0.86,0.85,0.88,0.95,0.91,0.76,0.54,0.63
42-Clean_weatherAUS-gan_paper_2-xgboost.txt,42,Clean_weatherAUS,gan_paper_2,xgboost,0.86,0.82,0.75,0.78,0.85,0.86,0.85,0.88,0.95,0.91,0.76,0.55,0.64
42-Clean_weatherAUS-gan_paper_2_filtered-random_forest.txt,42,Clean_weatherAUS,gan_paper_2_filtered,random_forest,0.86,0.82,0.73,0.76,0.85,0.86,0.84,0.87,0.96,0.91,0.77,0.51,0.61
42-Clean_weatherAUS-gan_paper_2_filtered-tune_hgb.txt,42,Clean_weatherAUS,gan_paper_2_filtered,tune_hgb,0.86,0.81,0.75,0.77,0.85,0.86,0.85,0.88,0.94,0.91,0.74,0.55,0.63
42-Clean_weatherAUS-gan_paper_2_filtered-xgboost.txt,42,Clean_weatherAUS,gan_paper_2_filtered,xgboost,0.86,0.81,0.76,0.78,0.85,0.86,0.85,0.88,0.94,0.91,0.75,0.57,0.64
42-Clean_weatherAUS-smote-random_forest.txt,42,Clean_weatherAUS,smote,random_forest,0.84,0.78,0.77,0.77,0.84,0.84,0.84,0.9,0.9,0.9,0.66,0.64,0.65
42-Clean_weatherAUS-smote-tune_hgb.txt,42,Clean_weatherAUS,smote,tune_hgb,0.85,0.8,0.76,0.77,0.85,0.85,0.85,0.88,0.93,0.91,0.71,0.58,0.64
42-Clean_weatherAUS-smote-xgboost.txt,42,Clean_weatherAUS,smote,xgboost,0.86,0.8,0.75,0.77,0.85,0.86,0.85,0.88,0.94,0.91,0.73,0.57,0.64
42-Clean_weatherAUS-smote_filtered-random_forest.txt,42,Clean_weatherAUS,smote_filtered,random_forest,0.84,0.77,0.78,0.78,0.85,0.84,0.84,0.91,0.89,0.9,0.64,0.68,0.66
42-Clean_weatherAUS-smote_filtered-tune_hgb.txt,42,Clean_weatherAUS,smote_filtered,tune_hgb,0.85,0.78,0.78,0.78,0.85,0.85,0.85,0.9,0.9,0.9,0.65,0.66,0.66
42-Clean_weatherAUS-smote_filtered-xgboost.txt,42,Clean_weatherAUS,smote_filtered,xgboost,0.85,0.79,0.78,0.78,0.85,0.85,0.85,0.9,0.91,0.91,0.68,0.65,0.66
42-Clean_weatherAUS-smotified_gan-random_forest.txt,42,Clean_weatherAUS,smotified_gan,random_forest,0.85,0.82,0.73,0.76,0.85,0.85,0.84,0.87,0.96,0.91,0.78,0.49,0.6
42-Clean_weatherAUS-smotified_gan-tune_hgb.txt,42,Clean_weatherAUS,smotified_gan,tune_hgb,0.86,0.82,0.75,0.77,0.85,0.86,0.85,0.88,0.95,0.91,0.76,0.54,0.63
42-Clean_weatherAUS-smotified_gan-xgboost.txt,42,Clean_weatherAUS,smotified_gan,xgboost,0.86,0.82,0.75,0.78,0.85,0.86,0.85,0.88,0.95,0.91,0.76,0.55,0.64
42-Clean_weatherAUS-smotified_gan_filtered-random_forest.txt,42,Clean_weatherAUS,smotified_gan_filtered,random_forest,0.86,0.82,0.73,0.76,0.85,0.86,0.84,0.87,0.96,0.91,0.77,0.51,0.61
42-Clean_weatherAUS-smotified_gan_filtered-tune_hgb.txt,42,Clean_weatherAUS,smotified_gan_filtered,tune_hgb,0.86,0.81,0.75,0.77,0.85,0.86,0.85,0.88,0.94,0.91,0.74,0.56,0.64
42-Clean_weatherAUS-smotified_gan_filtered-xgboost.txt,42,Clean_weatherAUS,smotified_gan_filtered,xgboost,0.86,0.81,0.75,0.78,0.85,0.86,0.85,0.88,0.94,0.91,0.75,0.56,0.64
42-Clean_weatherAUS-wgangp-random_forest.txt,42,Clean_weatherAUS,wgangp,random_forest,0.85,0.82,0.73,0.76,0.85,0.85,0.84,0.87,0.96,0.91,0.78,0.49,0.6
42-Clean_weatherAUS-wgangp-tune_hgb.txt,42,Clean_weatherAUS,wgangp,tune_hgb,0.86,0.81,0.74,0.77,0.85,0.86,0.85,0.88,0.95,0.91,0.75,0.54,0.63
42-Clean_weatherAUS-wgangp-xgboost.txt,42,Clean_weatherAUS,wgangp,xgboost,0.86,0.82,0.75,0.78,0.85,0.86,0.85,0.88,0.95,0.91,0.76,0.55,0.64
42-Clean_weatherAUS-wgangp_filtered-random_forest.txt,42,Clean_weatherAUS,wgangp_filtered,random_forest,0.86,0.81,0.75,0.77,0.85,0.86,0.85,0.88,0.94,0.91,0.73,0.56,0.63
42-Clean_weatherAUS-wgangp_filtered-tune_hgb.txt,42,Clean_weatherAUS,wgangp_filtered,tune_hgb,0.85,0.79,0.77,0.78,0.85,0.85,0.85,0.9,0.92,0.91,0.69,0.63,0.66
42-Clean_weatherAUS-wgangp_filtered-xgboost.txt,42,Clean_weatherAUS,wgangp_filtered,xgboost,0.86,0.8,0.78,0.79,0.85,0.86,0.85,0.9,0.92,0.91,0.7,0.63,0.66
42-iqr_Clean_blood-baseline-lightgbm.txt,42,iqr_Clean_blood,baseline,lightgbm,0.76,0.65,0.62,0.63,0.73,0.76,0.74,0.81,0.88,0.85,0.49,0.35,0.41
42-iqr_Clean_blood-baseline-random_forest.txt,42,iqr_Clean_blood,baseline,random_forest,0.72,0.63,0.63,0.63,0.73,0.72,0.73,0.82,0.81,0.82,0.43,0.44,0.44
42-iqr_Clean_blood-baseline-tune_hgb.txt,42,iqr_Clean_blood,baseline,tune_hgb,0.7,0.54,0.53,0.53,0.66,0.7,0.68,0.77,0.86,0.81,0.31,0.2,0.25
42-iqr_Clean_blood-baseline-xgboost.txt,42,iqr_Clean_blood,baseline,xgboost,0.76,0.67,0.65,0.66,0.75,0.76,0.76,0.83,0.87,0.85,0.51,0.44,0.48
42-iqr_Clean_blood-ctgan-lightgbm.txt,42,iqr_Clean_blood,ctgan,lightgbm,0.75,0.64,0.63,0.64,0.74,0.75,0.74,0.82,0.85,0.84,0.47,0.41,0.44
42-iqr_Clean_blood-ctgan-random_forest.txt,42,iqr_Clean_blood,ctgan,random_forest,0.72,0.62,0.63,0.62,0.73,0.72,0.72,0.82,0.81,0.81,0.42,0.44,0.43
42-iqr_Clean_blood-ctgan-tune_hgb.txt,42,iqr_Clean_blood,ctgan,tune_hgb,0.73,0.63,0.63,0.63,0.73,0.73,0.73,0.82,0.82,0.82,0.44,0.44,0.44
42-iqr_Clean_blood-ctgan-xgboost.txt,42,iqr_Clean_blood,ctgan,xgboost,0.76,0.67,0.66,0.66,0.75,0.76,0.76,0.83,0.85,0.84,0.5,0.46,0.48
42-iqr_Clean_blood-ctgan_filtered-lightgbm.txt,42,iqr_Clean_blood,ctgan_filtered,lightgbm,0.75,0.65,0.65,0.65,0.74,0.75,0.75,0.83,0.85,0.84,0.48,0.44,0.46
42-iqr_Clean_blood-ctgan_filtered-random_forest.txt,42,iqr_Clean_blood,ctgan_filtered,random_forest,0.72,0.63,0.64,0.63,0.73,0.72,0.73,0.83,0.8,0.81,0.43,0.48,0.45
42-iqr_Clean_blood-ctgan_filtered-tune_hgb.txt,42,iqr_Clean_blood,ctgan_filtered,tune_hgb,0.24,0.32,0.32,0.24,0.42,0.24,0.25,0.5,0.17,0.25,0.15,0.46,0.23
42-iqr_Clean_blood-ctgan_filtered-xgboost.txt,42,iqr_Clean_blood,ctgan_filtered,xgboost,0.75,0.65,0.64,0.65,0.74,0.75,0.74,0.83,0.84,0.83,0.47,0.44,0.46
42-iqr_Clean_blood-gan_from_tutorial-random_forest.txt,42,iqr_Clean_blood,gan_from_tutorial,random_forest,0.72,0.62,0.62,0.62,0.72,0.72,0.72,0.82,0.82,0.82,0.43,0.43,0.43
42-iqr_Clean_blood-gan_from_tutorial-tune_hgb.txt,42,iqr_Clean_blood,gan_from_tutorial,tune_hgb,0.55,0.57,0.59,0.53,0.7,0.55,0.58,0.83,0.51,0.64,0.3,0.67,0.42
42-iqr_Clean_blood-gan_from_tutorial-xgboost.txt,42,iqr_Clean_blood,gan_from_tutorial,xgboost,0.76,0.66,0.64,0.65,0.75,0.76,0.75,0.82,0.87,0.85,0.5,0.41,0.45
42-iqr_Clean_blood-gan_from_tutorial_filtered-random_forest.txt,42,iqr_Clean_blood,gan_from_tutorial_filtered,random_forest,0.72,0.62,0.64,0.63,0.73,0.72,0.72,0.83,0.79,0.81,0.42,0.48,0.45
42-iqr_Clean_blood-gan_from_tutorial_filtered-tune_hgb.txt,42,iqr_Clean_blood,gan_from_tutorial_filtered,tune_hgb,0.74,0.65,0.65,0.65,0.74,0.74,0.74,0.83,0.83,0.83,0.46,0.46,0.46
42-iqr_Clean_blood-gan_from_tutorial_filtered-xgboost.txt,42,iqr_Clean_blood,gan_from_tutorial_filtered,xgboost,0.74,0.65,0.66,0.66,0.75,0.74,0.74,0.84,0.81,0.82,0.46,0.52,0.49
42-iqr_Clean_blood-gan_paper_2-random_forest.txt,42,iqr_Clean_blood,gan_paper_2,random_forest,0.72,0.63,0.63,0.63,0.73,0.72,0.73,0.83,0.81,0.82,0.43,0.46,0.45
42-iqr_Clean_blood-gan_paper_2-tune_hgb.txt,42,iqr_Clean_blood,gan_paper_2,tune_hgb,0.37,0.37,0.32,0.32,0.5,0.37,0.41,0.63,0.42,0.5,0.11,0.22,0.14
42-iqr_Clean_blood-gan_paper_2-xgboost.txt,42,iqr_Clean_blood,gan_paper_2,xgboost,0.76,0.67,0.65,0.66,0.75,0.76,0.76,0.83,0.86,0.84,0.5,0.44,0.47
42-iqr_Clean_blood-gan_paper_2_filtered-random_forest.txt,42,iqr_Clean_blood,gan_paper_2_filtered,random_forest,0.72,0.63,0.63,0.63,0.73,0.72,0.73,0.83,0.81,0.82,0.43,0.46,0.45
42-iqr_Clean_blood-gan_paper_2_filtered-tune_hgb.txt,42,iqr_Clean_blood,gan_paper_2_filtered,tune_hgb,0.8,0.73,0.67,0.69,0.78,0.8,0.79,0.84,0.92,0.87,0.62,0.43,0.51
42-iqr_Clean_blood-gan_paper_2_filtered-xgboost.txt,42,iqr_Clean_blood,gan_paper_2_filtered,xgboost,0.77,0.68,0.67,0.67,0.76,0.77,0.77,0.84,0.87,0.85,0.53,0.46,0.5
42-iqr_Clean_blood-smote-random_forest.txt,42,iqr_Clean_blood,smote,random_forest,0.69,0.61,0.63,0.61,0.72,0.69,0.7,0.83,0.75,0.79,0.39,0.5,0.44
42-iqr_Clean_blood-smote-tune_hgb.txt,42,iqr_Clean_blood,smote,tune_hgb,0.73,0.65,0.66,0.65,0.75,0.73,0.74,0.84,0.8,0.82,0.45,0.52,0.48
42-iqr_Clean_blood-smote-xgboost.txt,42,iqr_Clean_blood,smote,xgboost,0.72,0.63,0.64,0.64,0.74,0.72,0.73,0.83,0.79,0.81,0.43,0.5,0.46
42-iqr_Clean_blood-smote_filtered-random_forest.txt,42,iqr_Clean_blood,smote_filtered,random_forest,0.73,0.63,0.63,0.63,0.73,0.73,0.73,0.82,0.82,0.82,0.44,0.44,0.44
42-iqr_Clean_blood-smote_filtered-tune_hgb.txt,42,iqr_Clean_blood,smote_filtered,tune_hgb,0.75,0.65,0.64,0.64,0.74,0.75,0.74,0.82,0.85,0.84,0.47,0.43,0.45
42-iqr_Clean_blood-smote_filtered-xgboost.txt,42,iqr_Clean_blood,smote_filtered,xgboost,0.74,0.66,0.68,0.67,0.76,0.74,0.75,0.85,0.79,0.82,0.46,0.57,0.51
42-iqr_Clean_blood-smotified_gan-random_forest.txt,42,iqr_Clean_blood,smotified_gan,random_forest,0.73,0.63,0.63,0.63,0.73,0.73,0.73,0.82,0.82,0.82,0.44,0.44,0.44
42-iqr_Clean_blood-smotified_gan-tune_hgb.txt,42,iqr_Clean_blood,smotified_gan,tune_hgb,0.76,0.67,0.65,0.66,0.75,0.76,0.76,0.83,0.87,0.85,0.51,0.43,0.46
42-iqr_Clean_blood-smotified_gan-xgboost.txt,42,iqr_Clean_blood,smotified_gan,xgboost,0.76,0.67,0.65,0.66,0.75,0.76,0.76,0.83,0.86,0.84,0.5,0.44,0.47
42-iqr_Clean_blood-smotified_gan_filtered-random_forest.txt,42,iqr_Clean_blood,smotified_gan_filtered,random_forest,0.74,0.64,0.64,0.64,0.74,0.74,0.74,0.83,0.84,0.83,0.46,0.44,0.45
42-iqr_Clean_blood-smotified_gan_filtered-tune_hgb.txt,42,iqr_Clean_blood,smotified_gan_filtered,tune_hgb,0.77,0.68,0.65,0.66,0.76,0.77,0.76,0.83,0.88,0.85,0.52,0.43,0.47
42-iqr_Clean_blood-smotified_gan_filtered-xgboost.txt,42,iqr_Clean_blood,smotified_gan_filtered,xgboost,0.74,0.64,0.64,0.64,0.74,0.74,0.74,0.83,0.82,0.83,0.45,0.46,0.46
42-iqr_Clean_blood-wgangp-random_forest.txt,42,iqr_Clean_blood,wgangp,random_forest,0.7,0.6,0.61,0.61,0.71,0.7,0.7,0.82,0.78,0.8,0.39,0.44,0.41
42-iqr_Clean_blood-wgangp-tune_hgb.txt,42,iqr_Clean_blood,wgangp,tune_hgb,0.72,0.61,0.61,0.61,0.72,0.72,0.72,0.81,0.82,0.82,0.42,0.41,0.41
42-iqr_Clean_blood-wgangp-xgboost.txt,42,iqr_Clean_blood,wgangp,xgboost,0.76,0.67,0.66,0.67,0.76,0.76,0.76,0.84,0.86,0.85,0.51,0.46,0.49
42-iqr_Clean_blood-wgangp_filtered-random_forest.txt,42,iqr_Clean_blood,wgangp_filtered,random_forest,0.71,0.6,0.6,0.6,0.71,0.71,0.71,0.81,0.81,0.81,0.39,0.39,0.39
42-iqr_Clean_blood-wgangp_filtered-tune_hgb.txt,42,iqr_Clean_blood,wgangp_filtered,tune_hgb,0.71,0.61,0.61,0.61,0.72,0.71,0.71,0.82,0.8,0.81,0.4,0.43,0.41
42-iqr_Clean_blood-wgangp_filtered-xgboost.txt,42,iqr_Clean_blood,wgangp_filtered,xgboost,0.77,0.68,0.67,0.67,0.76,0.77,0.77,0.84,0.87,0.85,0.53,0.46,0.5
42-iqr_Clean_Breast_Cancer_Wisconsin-baseline-lightgbm.txt,42,iqr_Clean_Breast_Cancer_Wisconsin,baseline,lightgbm,0.96,0.97,0.95,0.96,0.97,0.96,0.96,0.95,1.0,0.97,1.0,0.91,0.95
42-iqr_Clean_Breast_Cancer_Wisconsin-baseline-random_forest.txt,42,iqr_Clean_Breast_Cancer_Wisconsin,baseline,random_forest,0.96,0.97,0.96,0.96,0.97,0.96,0.96,0.95,0.99,0.97,0.98,0.92,0.95
42-iqr_Clean_Breast_Cancer_Wisconsin-baseline-tune_hgb.txt,42,iqr_Clean_Breast_Cancer_Wisconsin,baseline,tune_hgb,0.92,0.92,0.91,0.92,0.92,0.92,0.92,0.93,0.95,0.94,0.92,0.88,0.9
42-iqr_Clean_Breast_Cancer_Wisconsin-baseline-xgboost.txt,42,iqr_Clean_Breast_Cancer_Wisconsin,baseline,xgboost,0.98,0.99,0.98,0.98,0.98,0.98,0.98,0.97,1.0,0.99,1.0,0.95,0.98
42-iqr_Clean_Breast_Cancer_Wisconsin-ctgan-lightgbm.txt,42,iqr_Clean_Breast_Cancer_Wisconsin,ctgan,lightgbm,0.97,0.98,0.96,0.97,0.97,0.97,0.97,0.96,1.0,0.98,1.0,0.92,0.96
42-iqr_Clean_Breast_Cancer_Wisconsin-ctgan-random_forest.txt,42,iqr_Clean_Breast_Cancer_Wisconsin,ctgan,random_forest,0.96,0.97,0.96,0.96,0.96,0.96,0.96,0.96,0.98,0.97,0.97,0.94,0.95
42-iqr_Clean_Breast_Cancer_Wisconsin-ctgan-tune_hgb.txt,42,iqr_Clean_Breast_Cancer_Wisconsin,ctgan,tune_hgb,0.92,0.93,0.91,0.92,0.93,0.92,0.92,0.91,0.97,0.94,0.95,0.84,0.89
42-iqr_Clean_Breast_Cancer_Wisconsin-ctgan-xgboost.txt,42,iqr_Clean_Breast_Cancer_Wisconsin,ctgan,xgboost,0.98,0.99,0.98,0.98,0.98,0.98,0.98,0.97,1.0,0.99,1.0,0.95,0.98
42-iqr_Clean_Breast_Cancer_Wisconsin-ctgan_filtered-lightgbm.txt,42,iqr_Clean_Breast_Cancer_Wisconsin,ctgan_filtered,lightgbm,0.96,0.97,0.95,0.96,0.97,0.96,0.96,0.95,1.0,0.97,1.0,0.91,0.95
42-iqr_Clean_Breast_Cancer_Wisconsin-ctgan_filtered-random_forest.txt,42,iqr_Clean_Breast_Cancer_Wisconsin,ctgan_filtered,random_forest,0.97,0.97,0.96,0.97,0.97,0.97,0.97,0.96,0.99,0.98,0.98,0.94,0.96
42-iqr_Clean_Breast_Cancer_Wisconsin-ctgan_filtered-tune_hgb.txt,42,iqr_Clean_Breast_Cancer_Wisconsin,ctgan_filtered,tune_hgb,0.98,0.99,0.98,0.98,0.98,0.98,0.98,0.97,1.0,0.99,1.0,0.95,0.98
42-iqr_Clean_Breast_Cancer_Wisconsin-ctgan_filtered-xgboost.txt,42,iqr_Clean_Breast_Cancer_Wisconsin,ctgan_filtered,xgboost,0.98,0.98,0.97,0.97,0.98,0.98,0.98,0.96,1.0,0.98,1.0,0.94,0.97
42-iqr_Clean_Breast_Cancer_Wisconsin-gan_from_tutorial-random_forest.txt,42,iqr_Clean_Breast_Cancer_Wisconsin,gan_from_tutorial,random_forest,0.98,0.98,0.97,0.97,0.98,0.98,0.98,0.97,0.99,0.98,0.98,0.95,0.97
42-iqr_Clean_Breast_Cancer_Wisconsin-gan_from_tutorial-tune_hgb.txt,42,iqr_Clean_Breast_Cancer_Wisconsin,gan_from_tutorial,tune_hgb,0.97,0.98,0.96,0.97,0.97,0.97,0.97,0.96,1.0,0.98,1.0,0.92,0.96
42-iqr_Clean_Breast_Cancer_Wisconsin-gan_from_tutorial-xgboost.txt,42,iqr_Clean_Breast_Cancer_Wisconsin,gan_from_tutorial,xgboost,0.96,0.96,0.95,0.96,0.96,0.96,0.96,0.95,0.99,0.97,0.98,0.91,0.94
42-iqr_Clean_Breast_Cancer_Wisconsin-gan_from_tutorial_filtered-random_forest.txt,42,iqr_Clean_Breast_Cancer_Wisconsin,gan_from_tutorial_filtered,random_forest,0.98,0.98,0.97,0.97,0.98,0.98,0.98,0.97,0.99,0.98,0.98,0.95,0.97
42-iqr_Clean_Breast_Cancer_Wisconsin-gan_from_tutorial_filtered-tune_hgb.txt,42,iqr_Clean_Breast_Cancer_Wisconsin,gan_from_tutorial_filtered,tune_hgb,0.92,0.92,0.92,0.92,0.92,0.92,0.92,0.94,0.93,0.94,0.89,0.91,0.9
42-iqr_Clean_Breast_Cancer_Wisconsin-gan_from_tutorial_filtered-xgboost.txt,42,iqr_Clean_Breast_Cancer_Wisconsin,gan_from_tutorial_filtered,xgboost,0.97,0.97,0.96,0.97,0.97,0.97,0.97,0.96,0.99,0.98,0.98,0.94,0.96
42-iqr_Clean_Breast_Cancer_Wisconsin-gan_paper_2-random_forest.txt,42,iqr_Clean_Breast_Cancer_Wisconsin,gan_paper_2,random_forest,0.96,0.97,0.96,0.96,0.96,0.96,0.96,0.96,0.98,0.97,0.97,0.94,0.95
42-iqr_Clean_Breast_Cancer_Wisconsin-gan_paper_2-tune_hgb.txt,42,iqr_Clean_Breast_Cancer_Wisconsin,gan_paper_2,tune_hgb,0.98,0.98,0.97,0.97,0.98,0.98,0.98,0.96,1.0,0.98,1.0,0.94,0.97
42-iqr_Clean_Breast_Cancer_Wisconsin-gan_paper_2-xgboost.txt,42,iqr_Clean_Breast_Cancer_Wisconsin,gan_paper_2,xgboost,0.98,0.98,0.97,0.97,0.98,0.98,0.98,0.96,1.0,0.98,1.0,0.94,0.97
42-iqr_Clean_Breast_Cancer_Wisconsin-gan_paper_2_filtered-random_forest.txt,42,iqr_Clean_Breast_Cancer_Wisconsin,gan_paper_2_filtered,random_forest,0.97,0.97,0.96,0.97,0.97,0.97,0.97,0.96,0.99,0.98,0.98,0.94,0.96
42-iqr_Clean_Breast_Cancer_Wisconsin-gan_paper_2_filtered-tune_hgb.txt,42,iqr_Clean_Breast_Cancer_Wisconsin,gan_paper_2_filtered,tune_hgb,0.92,0.91,0.91,0.91,0.92,0.92,0.92,0.93,0.93,0.93,0.89,0.89,0.89
42-iqr_Clean_Breast_Cancer_Wisconsin-gan_paper_2_filtered-xgboost.txt,42,iqr_Clean_Breast_Cancer_Wisconsin,gan_paper_2_filtered,xgboost,0.98,0.98,0.97,0.97,0.98,0.98,0.98,0.96,1.0,0.98,1.0,0.94,0.97
42-iqr_Clean_Breast_Cancer_Wisconsin-smote-random_forest.txt,42,iqr_Clean_Breast_Cancer_Wisconsin,smote,random_forest,0.96,0.97,0.96,0.96,0.97,0.96,0.96,0.95,0.99,0.97,0.98,0.92,0.95
42-iqr_Clean_Breast_Cancer_Wisconsin-smote-tune_hgb.txt,42,iqr_Clean_Breast_Cancer_Wisconsin,smote,tune_hgb,0.98,0.98,0.97,0.97,0.98,0.98,0.98,0.96,1.0,0.98,1.0,0.94,0.97
42-iqr_Clean_Breast_Cancer_Wisconsin-smote-xgboost.txt,42,iqr_Clean_Breast_Cancer_Wisconsin,smote,xgboost,0.97,0.98,0.96,0.97,0.97,0.97,0.97,0.96,1.0,0.98,1.0,0.92,0.96
42-iqr_Clean_Breast_Cancer_Wisconsin-smote_filtered-random_forest.txt,42,iqr_Clean_Breast_Cancer_Wisconsin,smote_filtered,random_forest,0.96,0.97,0.96,0.96,0.97,0.96,0.96,0.95,0.99,0.97,0.98,0.92,0.95
42-iqr_Clean_Breast_Cancer_Wisconsin-smote_filtered-tune_hgb.txt,42,iqr_Clean_Breast_Cancer_Wisconsin,smote_filtered,tune_hgb,0.95,0.95,0.94,0.94,0.95,0.95,0.95,0.95,0.96,0.96,0.94,0.92,0.93
42-iqr_Clean_Breast_Cancer_Wisconsin-smote_filtered-xgboost.txt,42,iqr_Clean_Breast_Cancer_Wisconsin,smote_filtered,xgboost,0.97,0.98,0.96,0.97,0.97,0.97,0.97,0.96,1.0,0.98,1.0,0.92,0.96
42-iqr_Clean_Breast_Cancer_Wisconsin-smotified_gan-random_forest.txt,42,iqr_Clean_Breast_Cancer_Wisconsin,smotified_gan,random_forest,0.96,0.96,0.95,0.96,0.96,0.96,0.96,0.95,0.99,0.97,0.98,0.91,0.94
42-iqr_Clean_Breast_Cancer_Wisconsin-smotified_gan-tune_hgb.txt,42,iqr_Clean_Breast_Cancer_Wisconsin,smotified_gan,tune_hgb,0.91,0.91,0.9,0.91,0.91,0.91,0.91,0.93,0.93,0.93,0.89,0.88,0.88
42-iqr_Clean_Breast_Cancer_Wisconsin-smotified_gan-xgboost.txt,42,iqr_Clean_Breast_Cancer_Wisconsin,smotified_gan,xgboost,0.98,0.98,0.97,0.97,0.98,0.98,0.98,0.96,1.0,0.98,1.0,0.94,0.97
42-iqr_Clean_Breast_Cancer_Wisconsin-smotified_gan_filtered-random_forest.txt,42,iqr_Clean_Breast_Cancer_Wisconsin,smotified_gan_filtered,random_forest,0.96,0.97,0.96,0.96,0.97,0.96,0.96,0.95,0.99,0.97,0.98,0.92,0.95
42-iqr_Clean_Breast_Cancer_Wisconsin-smotified_gan_filtered-tune_hgb.txt,42,iqr_Clean_Breast_Cancer_Wisconsin,smotified_gan_filtered,tune_hgb,0.97,0.98,0.96,0.97,0.97,0.97,0.97,0.96,1.0,0.98,1.0,0.92,0.96
42-iqr_Clean_Breast_Cancer_Wisconsin-smotified_gan_filtered-xgboost.txt,42,iqr_Clean_Breast_Cancer_Wisconsin,smotified_gan_filtered,xgboost,0.97,0.98,0.96,0.97,0.97,0.97,0.97,0.96,1.0,0.98,1.0,0.92,0.96
42-iqr_Clean_Breast_Cancer_Wisconsin-wgangp-random_forest.txt,42,iqr_Clean_Breast_Cancer_Wisconsin,wgangp,random_forest,0.97,0.97,0.96,0.97,0.97,0.97,0.97,0.96,0.99,0.98,0.98,0.94,0.96
42-iqr_Clean_Breast_Cancer_Wisconsin-wgangp-tune_hgb.txt,42,iqr_Clean_Breast_Cancer_Wisconsin,wgangp,tune_hgb,0.91,0.92,0.88,0.9,0.91,0.91,0.9,0.89,0.97,0.93,0.94,0.8,0.86
42-iqr_Clean_Breast_Cancer_Wisconsin-wgangp-xgboost.txt,42,iqr_Clean_Breast_Cancer_Wisconsin,wgangp,xgboost,0.98,0.98,0.97,0.97,0.98,0.98,0.98,0.96,1.0,0.98,1.0,0.94,0.97
42-iqr_Clean_Breast_Cancer_Wisconsin-wgangp_filtered-random_forest.txt,42,iqr_Clean_Breast_Cancer_Wisconsin,wgangp_filtered,random_forest,0.98,0.98,0.97,0.97,0.98,0.98,0.98,0.97,0.99,0.98,0.98,0.95,0.97
42-iqr_Clean_Breast_Cancer_Wisconsin-wgangp_filtered-tune_hgb.txt,42,iqr_Clean_Breast_Cancer_Wisconsin,wgangp_filtered,tune_hgb,0.96,0.96,0.95,0.96,0.96,0.96,0.96,0.95,0.99,0.97,0.98,0.91,0.94
42-iqr_Clean_Breast_Cancer_Wisconsin-wgangp_filtered-xgboost.txt,42,iqr_Clean_Breast_Cancer_Wisconsin,wgangp_filtered,xgboost,0.98,0.98,0.97,0.97,0.98,0.98,0.98,0.96,1.0,0.98,1.0,0.94,0.97
42-iqr_Clean_covid-baseline-lightgbm.txt,42,iqr_Clean_covid,baseline,lightgbm,0.88,0.77,0.63,0.67,0.86,0.88,0.86,0.9,0.97,0.94,0.64,0.29,0.4
42-iqr_Clean_covid-baseline-random_forest.txt,42,iqr_Clean_covid,baseline,random_forest,0.88,0.8,0.6,0.63,0.87,0.88,0.85,0.89,0.99,0.94,0.71,0.21,0.32
42-iqr_Clean_covid-baseline-tune_hgb.txt,42,iqr_Clean_covid,baseline,tune_hgb,0.89,0.77,0.69,0.72,0.88,0.89,0.88,0.91,0.96,0.94,0.62,0.42,0.5
42-iqr_Clean_covid-baseline-xgboost.txt,42,iqr_Clean_covid,baseline,xgboost,0.88,0.77,0.63,0.67,0.86,0.88,0.86,0.9,0.97,0.94,0.64,0.29,0.4
42-iqr_Clean_covid-ctgan-lightgbm.txt,42,iqr_Clean_covid,ctgan,lightgbm,0.86,0.68,0.62,0.64,0.84,0.86,0.85,0.9,0.95,0.92,0.47,0.29,0.36
42-iqr_Clean_covid-ctgan-random_forest.txt,42,iqr_Clean_covid,ctgan,random_forest,0.88,0.8,0.6,0.63,0.87,0.88,0.85,0.89,0.99,0.94,0.71,0.21,0.32
42-iqr_Clean_covid-ctgan-tune_hgb.txt,42,iqr_Clean_covid,ctgan,tune_hgb,0.9,0.8,0.71,0.75,0.89,0.9,0.89,0.92,0.97,0.94,0.69,0.46,0.55
42-iqr_Clean_covid-ctgan-xgboost.txt,42,iqr_Clean_covid,ctgan,xgboost,0.89,0.79,0.65,0.69,0.87,0.89,0.87,0.9,0.97,0.94,0.67,0.33,0.44
42-iqr_Clean_covid-ctgan_filtered-lightgbm.txt,42,iqr_Clean_covid,ctgan_filtered,lightgbm,0.88,0.75,0.61,0.64,0.85,0.88,0.86,0.89,0.97,0.93,0.6,0.25,0.35
42-iqr_Clean_covid-ctgan_filtered-random_forest.txt,42,iqr_Clean_covid,ctgan_filtered,random_forest,0.87,0.73,0.57,0.59,0.84,0.87,0.84,0.88,0.98,0.93,0.57,0.17,0.26
42-iqr_Clean_covid-ctgan_filtered-tune_hgb.txt,42,iqr_Clean_covid,ctgan_filtered,tune_hgb,0.88,0.74,0.63,0.66,0.86,0.88,0.86,0.9,0.97,0.93,0.58,0.29,0.39
42-iqr_Clean_covid-ctgan_filtered-xgboost.txt,42,iqr_Clean_covid,ctgan_filtered,xgboost,0.89,0.79,0.65,0.69,0.87,0.89,0.87,0.9,0.97,0.94,0.67,0.33,0.44
42-iqr_Clean_covid-gan_from_tutorial-random_forest.txt,42,iqr_Clean_covid,gan_from_tutorial,random_forest,0.88,0.78,0.62,0.65,0.86,0.88,0.86,0.89,0.98,0.94,0.67,0.25,0.36
42-iqr_Clean_covid-gan_from_tutorial-tune_hgb.txt,42,iqr_Clean_covid,gan_from_tutorial,tune_hgb,0.88,0.74,0.67,0.69,0.86,0.88,0.87,0.91,0.96,0.93,0.56,0.38,0.45
42-iqr_Clean_covid-gan_from_tutorial-xgboost.txt,42,iqr_Clean_covid,gan_from_tutorial,xgboost,0.89,0.8,0.67,0.71,0.88,0.89,0.88,0.91,0.97,0.94,0.69,0.38,0.49
42-iqr_Clean_covid-gan_from_tutorial_filtered-random_forest.txt,42,iqr_Clean_covid,gan_from_tutorial_filtered,random_forest,0.89,0.8,0.64,0.68,0.87,0.89,0.87,0.9,0.98,0.94,0.7,0.29,0.41
42-iqr_Clean_covid-gan_from_tutorial_filtered-tune_hgb.txt,42,iqr_Clean_covid,gan_from_tutorial_filtered,tune_hgb,0.88,0.76,0.65,0.68,0.87,0.88,0.87,0.9,0.97,0.93,0.62,0.33,0.43
42-iqr_Clean_covid-gan_from_tutorial_filtered-xgboost.txt,42,iqr_Clean_covid,gan_from_tutorial_filtered,xgboost,0.89,0.78,0.67,0.71,0.87,0.89,0.88,0.91,0.97,0.94,0.64,0.38,0.47
42-iqr_Clean_covid-gan_paper_2-random_forest.txt,42,iqr_Clean_covid,gan_paper_2,random_forest,0.87,0.73,0.57,0.59,0.84,0.87,0.84,0.88,0.98,0.93,0.57,0.17,0.26
42-iqr_Clean_covid-gan_paper_2-tune_hgb.txt,42,iqr_Clean_covid,gan_paper_2,tune_hgb,0.89,0.76,0.72,0.74,0.88,0.89,0.88,0.93,0.95,0.94,0.6,0.5,0.55
42-iqr_Clean_covid-gan_paper_2-xgboost.txt,42,iqr_Clean_covid,gan_paper_2,xgboost,0.88,0.76,0.65,0.68,0.87,0.88,0.87,0.9,0.97,0.93,0.62,0.33,0.43
42-iqr_Clean_covid-gan_paper_2_filtered-random_forest.txt,42,iqr_Clean_covid,gan_paper_2_filtered,random_forest,0.88,0.77,0.63,0.67,0.86,0.88,0.86,0.9,0.97,0.94,0.64,0.29,0.4
42-iqr_Clean_covid-gan_paper_2_filtered-tune_hgb.txt,42,iqr_Clean_covid,gan_paper_2_filtered,tune_hgb,0.88,0.74,0.63,0.66,0.86,0.88,0.86,0.9,0.97,0.93,0.58,0.29,0.39
42-iqr_Clean_covid-gan_paper_2_filtered-xgboost.txt,42,iqr_Clean_covid,gan_paper_2_filtered,xgboost,0.88,0.77,0.63,0.67,0.86,0.88,0.86,0.9,0.97,0.94,0.64,0.29,0.4
42-iqr_Clean_covid-smote-random_forest.txt,42,iqr_Clean_covid,smote,random_forest,0.92,0.85,0.76,0.79,0.91,0.92,0.91,0.93,0.97,0.95,0.76,0.54,0.63
42-iqr_Clean_covid-smote-tune_hgb.txt,42,iqr_Clean_covid,smote,tune_hgb,0.89,0.77,0.78,0.78,0.9,0.89,0.9,0.94,0.94,0.94,0.6,0.62,0.61
42-iqr_Clean_covid-smote-xgboost.txt,42,iqr_Clean_covid,smote,xgboost,0.9,0.79,0.75,0.77,0.89,0.9,0.9,0.93,0.96,0.94,0.65,0.54,0.59
42-iqr_Clean_covid-smote_filtered-random_forest.txt,42,iqr_Clean_covid,smote_filtered,random_forest,0.89,0.8,0.67,0.71,0.88,0.89,0.88,0.91,0.97,0.94,0.69,0.38,0.49
42-iqr_Clean_covid-smote_filtered-tune_hgb.txt,42,iqr_Clean_covid,smote_filtered,tune_hgb,0.9,0.8,0.73,0.76,0.89,0.9,0.89,0.93,0.96,0.94,0.67,0.5,0.57
42-iqr_Clean_covid-smote_filtered-xgboost.txt,42,iqr_Clean_covid,smote_filtered,xgboost,0.89,0.78,0.73,0.75,0.89,0.89,0.89,0.93,0.96,0.94,0.63,0.5,0.56
42-iqr_Clean_covid-smotified_gan-random_forest.txt,42,iqr_Clean_covid,smotified_gan,random_forest,0.88,0.78,0.62,0.65,0.86,0.88,0.86,0.89,0.98,0.94,0.67,0.25,0.36
42-iqr_Clean_covid-smotified_gan-tune_hgb.txt,42,iqr_Clean_covid,smotified_gan,tune_hgb,0.88,0.75,0.69,0.71,0.87,0.88,0.87,0.91,0.96,0.93,0.59,0.42,0.49
42-iqr_Clean_covid-smotified_gan-xgboost.txt,42,iqr_Clean_covid,smotified_gan,xgboost,0.9,0.83,0.68,0.72,0.89,0.9,0.89,0.91,0.98,0.94,0.75,0.38,0.5
42-iqr_Clean_covid-smotified_gan_filtered-random_forest.txt,42,iqr_Clean_covid,smotified_gan_filtered,random_forest,0.88,0.75,0.61,0.64,0.85,0.88,0.86,0.89,0.97,0.93,0.6,0.25,0.35
42-iqr_Clean_covid-smotified_gan_filtered-tune_hgb.txt,42,iqr_Clean_covid,smotified_gan_filtered,tune_hgb,0.87,0.72,0.68,0.7,0.86,0.87,0.87,0.91,0.94,0.93,0.53,0.42,0.47
42-iqr_Clean_covid-smotified_gan_filtered-xgboost.txt,42,iqr_Clean_covid,smotified_gan_filtered,xgboost,0.88,0.77,0.63,0.67,0.86,0.88,0.86,0.9,0.97,0.94,0.64,0.29,0.4
42-iqr_Clean_covid-wgangp-random_forest.txt,42,iqr_Clean_covid,wgangp,random_forest,0.88,0.84,0.58,0.61,0.87,0.88,0.85,0.89,0.99,0.94,0.8,0.17,0.28
42-iqr_Clean_covid-wgangp-tune_hgb.txt,42,iqr_Clean_covid,wgangp,tune_hgb,0.9,0.8,0.71,0.75,0.89,0.9,0.89,0.92,0.97,0.94,0.69,0.46,0.55
42-iqr_Clean_covid-wgangp-xgboost.txt,42,iqr_Clean_covid,wgangp,xgboost,0.89,0.82,0.66,0.7,0.88,0.89,0.88,0.91,0.98,0.94,0.73,0.33,0.46
42-iqr_Clean_covid-wgangp_filtered-random_forest.txt,42,iqr_Clean_covid,wgangp_filtered,random_forest,0.89,0.82,0.62,0.66,0.88,0.89,0.86,0.9,0.99,0.94,0.75,0.25,0.38
42-iqr_Clean_covid-wgangp_filtered-tune_hgb.txt,42,iqr_Clean_covid,wgangp_filtered,tune_hgb,0.89,0.79,0.65,0.69,0.87,0.89,0.87,0.9,0.97,0.94,0.67,0.33,0.44
42-iqr_Clean_covid-wgangp_filtered-xgboost.txt,42,iqr_Clean_covid,wgangp_filtered,xgboost,0.89,0.8,0.64,0.68,0.87,0.89,0.87,0.9,0.98,0.94,0.7,0.29,0.41
42-iqr_Clean_creditcard-baseline-lightgbm.txt,42,iqr_Clean_creditcard,baseline,lightgbm,1.0,0.9,0.85,0.87,1.0,1.0,1.0,1.0,1.0,1.0,0.8,0.7,0.75
42-iqr_Clean_creditcard-baseline-random_forest.txt,42,iqr_Clean_creditcard,baseline,random_forest,1.0,0.94,0.88,0.91,1.0,1.0,1.0,1.0,1.0,1.0,0.89,0.76,0.82
42-iqr_Clean_creditcard-baseline-tune_hgb.txt,42,iqr_Clean_creditcard,baseline,tune_hgb,1.0,0.95,0.82,0.87,1.0,1.0,1.0,1.0,1.0,1.0,0.89,0.64,0.75
42-iqr_Clean_creditcard-baseline-xgboost.txt,42,iqr_Clean_creditcard,baseline,xgboost,1.0,0.95,0.88,0.91,1.0,1.0,1.0,1.0,1.0,1.0,0.9,0.75,0.82
42-iqr_Clean_creditcard-ctgan-lightgbm.txt,42,iqr_Clean_creditcard,ctgan,lightgbm,1.0,0.95,0.89,0.92,1.0,1.0,1.0,1.0,1.0,1.0,0.9,0.79,0.84
42-iqr_Clean_creditcard-ctgan-random_forest.txt,42,iqr_Clean_creditcard,ctgan,random_forest,1.0,0.92,0.88,0.9,1.0,1.0,1.0,1.0,1.0,1.0,0.84,0.77,0.8
42-iqr_Clean_creditcard-ctgan-tune_hgb.txt,42,iqr_Clean_creditcard,ctgan,tune_hgb,1.0,0.92,0.89,0.91,1.0,1.0,1.0,1.0,1.0,1.0,0.84,0.79,0.81
42-iqr_Clean_creditcard-ctgan-xgboost.txt,42,iqr_Clean_creditcard,ctgan,xgboost,1.0,0.92,0.89,0.9,1.0,1.0,1.0,1.0,1.0,1.0,0.85,0.77,0.81
42-iqr_Clean_creditcard-ctgan_filtered-lightgbm.txt,42,iqr_Clean_creditcard,ctgan_filtered,lightgbm,1.0,0.94,0.89,0.92,1.0,1.0,1.0,1.0,1.0,1.0,0.89,0.79,0.84
42-iqr_Clean_creditcard-ctgan_filtered-random_forest.txt,42,iqr_Clean_creditcard,ctgan_filtered,random_forest,1.0,0.92,0.89,0.9,1.0,1.0,1.0,1.0,1.0,1.0,0.84,0.77,0.81
42-iqr_Clean_creditcard-ctgan_filtered-tune_hgb.txt,42,iqr_Clean_creditcard,ctgan_filtered,tune_hgb,1.0,0.78,0.9,0.83,1.0,1.0,1.0,1.0,1.0,1.0,0.55,0.8,0.65
42-iqr_Clean_creditcard-ctgan_filtered-xgboost.txt,42,iqr_Clean_creditcard,ctgan_filtered,xgboost,1.0,0.93,0.89,0.91,1.0,1.0,1.0,1.0,1.0,1.0,0.85,0.77,0.81
42-iqr_Clean_creditcard-gan_from_tutorial-random_forest.txt,42,iqr_Clean_creditcard,gan_from_tutorial,random_forest,1.0,0.95,0.87,0.91,1.0,1.0,1.0,1.0,1.0,1.0,0.9,0.74,0.81
42-iqr_Clean_creditcard-gan_from_tutorial-tune_hgb.txt,42,iqr_Clean_creditcard,gan_from_tutorial,tune_hgb,1.0,0.94,0.87,0.9,1.0,1.0,1.0,1.0,1.0,1.0,0.88,0.74,0.8
42-iqr_Clean_creditcard-gan_from_tutorial-xgboost.txt,42,iqr_Clean_creditcard,gan_from_tutorial,xgboost,1.0,0.94,0.89,0.91,1.0,1.0,1.0,1.0,1.0,1.0,0.87,0.77,0.82
42-iqr_Clean_creditcard-gan_from_tutorial_filtered-random_forest.txt,42,iqr_Clean_creditcard,gan_from_tutorial_filtered,random_forest,1.0,0.95,0.88,0.91,1.0,1.0,1.0,1.0,1.0,1.0,0.89,0.75,0.82
42-iqr_Clean_creditcard-gan_from_tutorial_filtered-tune_hgb.txt,42,iqr_Clean_creditcard,gan_from_tutorial_filtered,tune_hgb,1.0,0.95,0.88,0.91,1.0,1.0,1.0,1.0,1.0,1.0,0.91,0.75,0.82
42-iqr_Clean_creditcard-gan_from_tutorial_filtered-xgboost.txt,42,iqr_Clean_creditcard,gan_from_tutorial_filtered,xgboost,1.0,0.94,0.89,0.91,1.0,1.0,1.0,1.0,1.0,1.0,0.89,0.77,0.83
42-iqr_Clean_creditcard-gan_paper_2-random_forest.txt,42,iqr_Clean_creditcard,gan_paper_2,random_forest,1.0,0.93,0.89,0.91,1.0,1.0,1.0,1.0,1.0,1.0,0.86,0.77,0.81
42-iqr_Clean_creditcard-gan_paper_2-tune_hgb.txt,42,iqr_Clean_creditcard,gan_paper_2,tune_hgb,1.0,0.93,0.87,0.9,1.0,1.0,1.0,1.0,1.0,1.0,0.85,0.75,0.8
42-iqr_Clean_creditcard-gan_paper_2-xgboost.txt,42,iqr_Clean_creditcard,gan_paper_2,xgboost,1.0,0.92,0.89,0.9,1.0,1.0,1.0,1.0,1.0,1.0,0.83,0.78,0.81
42-iqr_Clean_creditcard-gan_paper_2_filtered-random_forest.txt,42,iqr_Clean_creditcard,gan_paper_2_filtered,random_forest,1.0,0.92,0.89,0.9,1.0,1.0,1.0,1.0,1.0,1.0,0.85,0.77,0.81
42-iqr_Clean_creditcard-gan_paper_2_filtered-tune_hgb.txt,42,iqr_Clean_creditcard,gan_paper_2_filtered,tune_hgb,1.0,0.92,0.88,0.9,1.0,1.0,1.0,1.0,1.0,1.0,0.84,0.75,0.79
42-iqr_Clean_creditcard-gan_paper_2_filtered-xgboost.txt,42,iqr_Clean_creditcard,gan_paper_2_filtered,xgboost,1.0,0.92,0.88,0.9,1.0,1.0,1.0,1.0,1.0,1.0,0.84,0.77,0.8
42-iqr_Clean_creditcard-smote-random_forest.txt,42,iqr_Clean_creditcard,smote,random_forest,1.0,0.93,0.89,0.91,1.0,1.0,1.0,1.0,1.0,1.0,0.87,0.78,0.82
42-iqr_Clean_creditcard-smote-tune_hgb.txt,42,iqr_Clean_creditcard,smote,tune_hgb,1.0,0.83,0.9,0.86,1.0,1.0,1.0,1.0,1.0,1.0,0.66,0.81,0.73
42-iqr_Clean_creditcard-smote-xgboost.txt,42,iqr_Clean_creditcard,smote,xgboost,1.0,0.88,0.89,0.88,1.0,1.0,1.0,1.0,1.0,1.0,0.76,0.78,0.77
42-iqr_Clean_creditcard-smote_filtered-random_forest.txt,42,iqr_Clean_creditcard,smote_filtered,random_forest,1.0,0.93,0.89,0.91,1.0,1.0,1.0,1.0,1.0,1.0,0.87,0.78,0.82
42-iqr_Clean_creditcard-smote_filtered-tune_hgb.txt,42,iqr_Clean_creditcard,smote_filtered,tune_hgb,1.0,0.81,0.89,0.84,1.0,1.0,1.0,1.0,1.0,1.0,0.61,0.77,0.68
42-iqr_Clean_creditcard-smote_filtered-xgboost.txt,42,iqr_Clean_creditcard,smote_filtered,xgboost,1.0,0.9,0.89,0.89,1.0,1.0,1.0,1.0,1.0,1.0,0.8,0.78,0.79
42-iqr_Clean_creditcard-smotified_gan-random_forest.txt,42,iqr_Clean_creditcard,smotified_gan,random_forest,1.0,0.95,0.88,0.91,1.0,1.0,1.0,1.0,1.0,1.0,0.9,0.76,0.82
42-iqr_Clean_creditcard-smotified_gan-tune_hgb.txt,42,iqr_Clean_creditcard,smotified_gan,tune_hgb,1.0,0.9,0.87,0.89,1.0,1.0,1.0,1.0,1.0,1.0,0.81,0.75,0.78
42-iqr_Clean_creditcard-smotified_gan-xgboost.txt,42,iqr_Clean_creditcard,smotified_gan,xgboost,1.0,0.94,0.88,0.91,1.0,1.0,1.0,1.0,1.0,1.0,0.89,0.76,0.82
42-iqr_Clean_creditcard-smotified_gan_filtered-random_forest.txt,42,iqr_Clean_creditcard,smotified_gan_filtered,random_forest,1.0,0.95,0.88,0.92,1.0,1.0,1.0,1.0,1.0,1.0,0.91,0.77,0.83
42-iqr_Clean_creditcard-smotified_gan_filtered-tune_hgb.txt,42,iqr_Clean_creditcard,smotified_gan_filtered,tune_hgb,1.0,0.95,0.87,0.91,1.0,1.0,1.0,1.0,1.0,1.0,0.9,0.75,0.82
42-iqr_Clean_creditcard-smotified_gan_filtered-xgboost.txt,42,iqr_Clean_creditcard,smotified_gan_filtered,xgboost,1.0,0.95,0.88,0.91,1.0,1.0,1.0,1.0,1.0,1.0,0.9,0.76,0.82
42-iqr_Clean_creditcard-wgangp-random_forest.txt,42,iqr_Clean_creditcard,wgangp,random_forest,1.0,0.95,0.87,0.91,1.0,1.0,1.0,1.0,1.0,1.0,0.91,0.75,0.82
42-iqr_Clean_creditcard-wgangp-tune_hgb.txt,42,iqr_Clean_creditcard,wgangp,tune_hgb,1.0,0.95,0.87,0.91,1.0,1.0,1.0,1.0,1.0,1.0,0.89,0.75,0.81
42-iqr_Clean_creditcard-wgangp-xgboost.txt,42,iqr_Clean_creditcard,wgangp,xgboost,1.0,0.95,0.88,0.91,1.0,1.0,1.0,1.0,1.0,1.0,0.91,0.76,0.83
42-iqr_Clean_creditcard-wgangp_filtered-random_forest.txt,42,iqr_Clean_creditcard,wgangp_filtered,random_forest,1.0,0.96,0.87,0.91,1.0,1.0,1.0,1.0,1.0,1.0,0.91,0.73,0.81
42-iqr_Clean_creditcard-wgangp_filtered-tune_hgb.txt,42,iqr_Clean_creditcard,wgangp_filtered,tune_hgb,1.0,0.95,0.89,0.92,1.0,1.0,1.0,1.0,1.0,1.0,0.9,0.78,0.83
42-iqr_Clean_creditcard-wgangp_filtered-xgboost.txt,42,iqr_Clean_creditcard,wgangp_filtered,xgboost,1.0,0.95,0.89,0.91,1.0,1.0,1.0,1.0,1.0,1.0,0.89,0.77,0.83
42-iqr_Clean_DDos-baseline-lightgbm.txt,42,iqr_Clean_DDos,baseline,lightgbm,1.0,1.0,1.0,1.0,1.0,1.0,1.0,1.0,1.0,1.0,1.0,1.0,1.0
42-iqr_Clean_DDos-baseline-random_forest.txt,42,iqr_Clean_DDos,baseline,random_forest,1.0,1.0,1.0,1.0,1.0,1.0,1.0,1.0,1.0,1.0,1.0,1.0,1.0
42-iqr_Clean_DDos-baseline-tune_hgb.txt,42,iqr_Clean_DDos,baseline,tune_hgb,1.0,1.0,1.0,1.0,1.0,1.0,1.0,1.0,1.0,1.0,1.0,1.0,1.0
42-iqr_Clean_DDos-baseline-xgboost.txt,42,iqr_Clean_DDos,baseline,xgboost,1.0,1.0,1.0,1.0,1.0,1.0,1.0,1.0,1.0,1.0,1.0,1.0,1.0
42-iqr_Clean_DDos-ctgan-lightgbm.txt,42,iqr_Clean_DDos,ctgan,lightgbm,1.0,1.0,1.0,1.0,1.0,1.0,1.0,1.0,1.0,1.0,1.0,1.0,1.0
42-iqr_Clean_DDos-ctgan-random_forest.txt,42,iqr_Clean_DDos,ctgan,random_forest,1.0,1.0,1.0,1.0,1.0,1.0,1.0,1.0,1.0,1.0,1.0,1.0,1.0
42-iqr_Clean_DDos-ctgan-tune_hgb.txt,42,iqr_Clean_DDos,ctgan,tune_hgb,1.0,1.0,1.0,1.0,1.0,1.0,1.0,1.0,1.0,1.0,1.0,1.0,1.0
42-iqr_Clean_DDos-ctgan-xgboost.txt,42,iqr_Clean_DDos,ctgan,xgboost,1.0,1.0,1.0,1.0,1.0,1.0,1.0,1.0,1.0,1.0,1.0,1.0,1.0
42-iqr_Clean_DDos-ctgan_filtered-lightgbm.txt,42,iqr_Clean_DDos,ctgan_filtered,lightgbm,1.0,1.0,1.0,1.0,1.0,1.0,1.0,1.0,1.0,1.0,1.0,1.0,1.0
42-iqr_Clean_DDos-ctgan_filtered-random_forest.txt,42,iqr_Clean_DDos,ctgan_filtered,random_forest,1.0,1.0,1.0,1.0,1.0,1.0,1.0,1.0,1.0,1.0,1.0,1.0,1.0
42-iqr_Clean_DDos-ctgan_filtered-tune_hgb.txt,42,iqr_Clean_DDos,ctgan_filtered,tune_hgb,1.0,1.0,1.0,1.0,1.0,1.0,1.0,1.0,1.0,1.0,1.0,1.0,1.0
42-iqr_Clean_DDos-ctgan_filtered-xgboost.txt,42,iqr_Clean_DDos,ctgan_filtered,xgboost,1.0,1.0,1.0,1.0,1.0,1.0,1.0,1.0,1.0,1.0,1.0,1.0,1.0
42-iqr_Clean_DDos-gan_from_tutorial-random_forest.txt,42,iqr_Clean_DDos,gan_from_tutorial,random_forest,1.0,1.0,1.0,1.0,1.0,1.0,1.0,1.0,1.0,1.0,1.0,1.0,1.0
42-iqr_Clean_DDos-gan_from_tutorial-tune_hgb.txt,42,iqr_Clean_DDos,gan_from_tutorial,tune_hgb,1.0,1.0,1.0,1.0,1.0,1.0,1.0,1.0,1.0,1.0,1.0,1.0,1.0
42-iqr_Clean_DDos-gan_from_tutorial-xgboost.txt,42,iqr_Clean_DDos,gan_from_tutorial,xgboost,1.0,1.0,1.0,1.0,1.0,1.0,1.0,1.0,1.0,1.0,1.0,1.0,1.0
42-iqr_Clean_DDos-gan_from_tutorial_filtered-random_forest.txt,42,iqr_Clean_DDos,gan_from_tutorial_filtered,random_forest,1.0,1.0,1.0,1.0,1.0,1.0,1.0,1.0,1.0,1.0,1.0,1.0,1.0
42-iqr_Clean_DDos-gan_from_tutorial_filtered-tune_hgb.txt,42,iqr_Clean_DDos,gan_from_tutorial_filtered,tune_hgb,0.43,0.7,0.5,0.3,0.74,0.43,0.26,0.43,1.0,0.6,0.98,0.0,0.0
42-iqr_Clean_DDos-gan_from_tutorial_filtered-xgboost.txt,42,iqr_Clean_DDos,gan_from_tutorial_filtered,xgboost,1.0,1.0,1.0,1.0,1.0,1.0,1.0,1.0,1.0,1.0,1.0,1.0,1.0
42-iqr_Clean_DDos-gan_paper_2-random_forest.txt,42,iqr_Clean_DDos,gan_paper_2,random_forest,1.0,1.0,1.0,1.0,1.0,1.0,1.0,1.0,1.0,1.0,1.0,1.0,1.0
42-iqr_Clean_DDos-gan_paper_2-tune_hgb.txt,42,iqr_Clean_DDos,gan_paper_2,tune_hgb,1.0,1.0,1.0,1.0,1.0,1.0,1.0,1.0,1.0,1.0,1.0,1.0,1.0
42-iqr_Clean_DDos-gan_paper_2-xgboost.txt,42,iqr_Clean_DDos,gan_paper_2,xgboost,1.0,1.0,1.0,1.0,1.0,1.0,1.0,1.0,1.0,1.0,1.0,1.0,1.0
42-iqr_Clean_DDos-gan_paper_2_filtered-random_forest.txt,42,iqr_Clean_DDos,gan_paper_2_filtered,random_forest,1.0,1.0,1.0,1.0,1.0,1.0,1.0,1.0,1.0,1.0,1.0,1.0,1.0
42-iqr_Clean_DDos-gan_paper_2_filtered-tune_hgb.txt,42,iqr_Clean_DDos,gan_paper_2_filtered,tune_hgb,1.0,1.0,1.0,1.0,1.0,1.0,1.0,1.0,1.0,1.0,1.0,1.0,1.0
42-iqr_Clean_DDos-gan_paper_2_filtered-xgboost.txt,42,iqr_Clean_DDos,gan_paper_2_filtered,xgboost,1.0,1.0,1.0,1.0,1.0,1.0,1.0,1.0,1.0,1.0,1.0,1.0,1.0
42-iqr_Clean_DDos-smote-random_forest.txt,42,iqr_Clean_DDos,smote,random_forest,1.0,1.0,1.0,1.0,1.0,1.0,1.0,1.0,1.0,1.0,1.0,1.0,1.0
42-iqr_Clean_DDos-smote-tune_hgb.txt,42,iqr_Clean_DDos,smote,tune_hgb,1.0,1.0,1.0,1.0,1.0,1.0,1.0,1.0,1.0,1.0,1.0,1.0,1.0
42-iqr_Clean_DDos-smote-xgboost.txt,42,iqr_Clean_DDos,smote,xgboost,1.0,1.0,1.0,1.0,1.0,1.0,1.0,1.0,1.0,1.0,1.0,1.0,1.0
42-iqr_Clean_DDos-smote_filtered-random_forest.txt,42,iqr_Clean_DDos,smote_filtered,random_forest,1.0,1.0,1.0,1.0,1.0,1.0,1.0,1.0,1.0,1.0,1.0,1.0,1.0
42-iqr_Clean_DDos-smote_filtered-tune_hgb.txt,42,iqr_Clean_DDos,smote_filtered,tune_hgb,1.0,1.0,1.0,1.0,1.0,1.0,1.0,1.0,1.0,1.0,1.0,1.0,1.0
42-iqr_Clean_DDos-smote_filtered-xgboost.txt,42,iqr_Clean_DDos,smote_filtered,xgboost,1.0,1.0,1.0,1.0,1.0,1.0,1.0,1.0,1.0,1.0,1.0,1.0,1.0
42-iqr_Clean_DDos-smotified_gan-random_forest.txt,42,iqr_Clean_DDos,smotified_gan,random_forest,1.0,1.0,1.0,1.0,1.0,1.0,1.0,1.0,1.0,1.0,1.0,1.0,1.0
42-iqr_Clean_DDos-smotified_gan-tune_hgb.txt,42,iqr_Clean_DDos,smotified_gan,tune_hgb,1.0,1.0,1.0,1.0,1.0,1.0,1.0,1.0,1.0,1.0,1.0,1.0,1.0
42-iqr_Clean_DDos-smotified_gan-xgboost.txt,42,iqr_Clean_DDos,smotified_gan,xgboost,1.0,1.0,1.0,1.0,1.0,1.0,1.0,1.0,1.0,1.0,1.0,1.0,1.0
42-iqr_Clean_DDos-smotified_gan_filtered-random_forest.txt,42,iqr_Clean_DDos,smotified_gan_filtered,random_forest,1.0,1.0,1.0,1.0,1.0,1.0,1.0,1.0,1.0,1.0,1.0,1.0,1.0
42-iqr_Clean_DDos-smotified_gan_filtered-tune_hgb.txt,42,iqr_Clean_DDos,smotified_gan_filtered,tune_hgb,1.0,1.0,1.0,1.0,1.0,1.0,1.0,1.0,1.0,1.0,1.0,1.0,1.0
42-iqr_Clean_DDos-smotified_gan_filtered-xgboost.txt,42,iqr_Clean_DDos,smotified_gan_filtered,xgboost,1.0,1.0,1.0,1.0,1.0,1.0,1.0,1.0,1.0,1.0,1.0,1.0,1.0
42-iqr_Clean_DDos-wgangp-random_forest.txt,42,iqr_Clean_DDos,wgangp,random_forest,1.0,1.0,1.0,1.0,1.0,1.0,1.0,1.0,1.0,1.0,1.0,1.0,1.0
42-iqr_Clean_DDos-wgangp-tune_hgb.txt,42,iqr_Clean_DDos,wgangp,tune_hgb,1.0,1.0,1.0,1.0,1.0,1.0,1.0,1.0,1.0,1.0,1.0,1.0,1.0
42-iqr_Clean_DDos-wgangp-xgboost.txt,42,iqr_Clean_DDos,wgangp,xgboost,1.0,1.0,1.0,1.0,1.0,1.0,1.0,1.0,1.0,1.0,1.0,1.0,1.0
42-iqr_Clean_DDos-wgangp_filtered-random_forest.txt,42,iqr_Clean_DDos,wgangp_filtered,random_forest,1.0,1.0,1.0,1.0,1.0,1.0,1.0,1.0,1.0,1.0,1.0,1.0,1.0
42-iqr_Clean_DDos-wgangp_filtered-tune_hgb.txt,42,iqr_Clean_DDos,wgangp_filtered,tune_hgb,1.0,1.0,1.0,1.0,1.0,1.0,1.0,1.0,1.0,1.0,1.0,1.0,1.0
42-iqr_Clean_DDos-wgangp_filtered-xgboost.txt,42,iqr_Clean_DDos,wgangp_filtered,xgboost,1.0,1.0,1.0,1.0,1.0,1.0,1.0,1.0,1.0,1.0,1.0,1.0,1.0
42-iqr_Clean_haberman-baseline-lightgbm.txt,42,iqr_Clean_haberman,baseline,lightgbm,0.66,0.53,0.53,0.53,0.64,0.66,0.65,0.75,0.81,0.78,0.32,0.25,0.28
42-iqr_Clean_haberman-baseline-random_forest.txt,42,iqr_Clean_haberman,baseline,random_forest,0.63,0.51,0.51,0.51,0.62,0.63,0.63,0.74,0.76,0.75,0.27,0.25,0.26
42-iqr_Clean_haberman-baseline-tune_hgb.txt,42,iqr_Clean_haberman,baseline,tune_hgb,0.6,0.45,0.46,0.46,0.58,0.6,0.59,0.72,0.75,0.73,0.19,0.17,0.18
42-iqr_Clean_haberman-baseline-xgboost.txt,42,iqr_Clean_haberman,baseline,xgboost,0.67,0.55,0.54,0.54,0.65,0.67,0.66,0.76,0.82,0.79,0.33,0.25,0.29
42-iqr_Clean_haberman-ctgan-lightgbm.txt,42,iqr_Clean_haberman,ctgan,lightgbm,0.63,0.52,0.52,0.52,0.63,0.63,0.63,0.75,0.75,0.75,0.29,0.29,0.29
42-iqr_Clean_haberman-ctgan-random_forest.txt,42,iqr_Clean_haberman,ctgan,random_forest,0.66,0.57,0.57,0.57,0.67,0.66,0.67,0.78,0.76,0.77,0.36,0.38,0.37
42-iqr_Clean_haberman-ctgan-tune_hgb.txt,42,iqr_Clean_haberman,ctgan,tune_hgb,0.7,0.57,0.55,0.55,0.66,0.7,0.67,0.76,0.85,0.81,0.38,0.25,0.3
42-iqr_Clean_haberman-ctgan-xgboost.txt,42,iqr_Clean_haberman,ctgan,xgboost,0.64,0.52,0.51,0.51,0.63,0.64,0.63,0.75,0.78,0.76,0.29,0.25,0.27
42-iqr_Clean_haberman-ctgan_filtered-lightgbm.txt,42,iqr_Clean_haberman,ctgan_filtered,lightgbm,0.62,0.51,0.51,0.51,0.62,0.62,0.62,0.75,0.74,0.74,0.28,0.29,0.29
42-iqr_Clean_haberman-ctgan_filtered-random_forest.txt,42,iqr_Clean_haberman,ctgan_filtered,random_forest,0.63,0.54,0.55,0.54,0.65,0.63,0.64,0.77,0.72,0.74,0.32,0.38,0.35
42-iqr_Clean_haberman-ctgan_filtered-tune_hgb.txt,42,iqr_Clean_haberman,ctgan_filtered,tune_hgb,0.7,0.6,0.59,0.59,0.69,0.7,0.69,0.79,0.81,0.8,0.41,0.38,0.39
42-iqr_Clean_haberman-ctgan_filtered-xgboost.txt,42,iqr_Clean_haberman,ctgan_filtered,xgboost,0.66,0.53,0.53,0.53,0.64,0.66,0.65,0.75,0.81,0.78,0.32,0.25,0.28
42-iqr_Clean_haberman-gan_from_tutorial-random_forest.txt,42,iqr_Clean_haberman,gan_from_tutorial,random_forest,0.65,0.56,0.56,0.56,0.66,0.65,0.66,0.77,0.75,0.76,0.35,0.38,0.36
42-iqr_Clean_haberman-gan_from_tutorial-tune_hgb.txt,42,iqr_Clean_haberman,gan_from_tutorial,tune_hgb,0.74,0.37,0.5,0.42,0.55,0.74,0.63,0.74,1.0,0.85,0.0,0.0,0.0
42-iqr_Clean_haberman-gan_from_tutorial-xgboost.txt,42,iqr_Clean_haberman,gan_from_tutorial,xgboost,0.67,0.56,0.55,0.55,0.66,0.67,0.66,0.76,0.81,0.79,0.35,0.29,0.32
42-iqr_Clean_haberman-gan_from_tutorial_filtered-random_forest.txt,42,iqr_Clean_haberman,gan_from_tutorial_filtered,random_forest,0.65,0.59,0.6,0.59,0.69,0.65,0.67,0.8,0.71,0.75,0.38,0.5,0.43
42-iqr_Clean_haberman-gan_from_tutorial_filtered-tune_hgb.txt,42,iqr_Clean_haberman,gan_from_tutorial_filtered,tune_hgb,0.52,0.55,0.57,0.51,0.67,0.52,0.55,0.8,0.47,0.59,0.31,0.67,0.42
42-iqr_Clean_haberman-gan_from_tutorial_filtered-xgboost.txt,42,iqr_Clean_haberman,gan_from_tutorial_filtered,xgboost,0.63,0.52,0.52,0.52,0.63,0.63,0.63,0.75,0.75,0.75,0.29,0.29,0.29
42-iqr_Clean_haberman-gan_paper_2-random_forest.txt,42,iqr_Clean_haberman,gan_paper_2,random_forest,0.62,0.54,0.54,0.54,0.64,0.62,0.63,0.76,0.71,0.73,0.31,0.38,0.34
42-iqr_Clean_haberman-gan_paper_2-tune_hgb.txt,42,iqr_Clean_haberman,gan_paper_2,tune_hgb,0.32,0.52,0.51,0.3,0.64,0.32,0.24,0.78,0.1,0.18,0.27,0.92,0.41
42-iqr_Clean_haberman-gan_paper_2-xgboost.txt,42,iqr_Clean_haberman,gan_paper_2,xgboost,0.65,0.54,0.54,0.54,0.64,0.65,0.65,0.76,0.78,0.77,0.32,0.29,0.3
42-iqr_Clean_haberman-gan_paper_2_filtered-random_forest.txt,42,iqr_Clean_haberman,gan_paper_2_filtered,random_forest,0.64,0.55,0.56,0.55,0.66,0.64,0.65,0.77,0.74,0.75,0.33,0.38,0.35
42-iqr_Clean_haberman-gan_paper_2_filtered-tune_hgb.txt,42,iqr_Clean_haberman,gan_paper_2_filtered,tune_hgb,0.67,0.55,0.54,0.54,0.65,0.67,0.66,0.76,0.82,0.79,0.33,0.25,0.29
42-iqr_Clean_haberman-gan_paper_2_filtered-xgboost.txt,42,iqr_Clean_haberman,gan_paper_2_filtered,xgboost,0.66,0.55,0.54,0.54,0.65,0.66,0.66,0.76,0.79,0.78,0.33,0.29,0.31
42-iqr_Clean_haberman-smote-random_forest.txt,42,iqr_Clean_haberman,smote,random_forest,0.65,0.55,0.55,0.55,0.65,0.65,0.65,0.76,0.76,0.76,0.33,0.33,0.33
42-iqr_Clean_haberman-smote-tune_hgb.txt,42,iqr_Clean_haberman,smote,tune_hgb,0.74,0.37,0.5,0.42,0.55,0.74,0.63,0.74,1.0,0.85,0.0,0.0,0.0
42-iqr_Clean_haberman-smote-xgboost.txt,42,iqr_Clean_haberman,smote,xgboost,0.65,0.54,0.54,0.54,0.64,0.65,0.65,0.76,0.78,0.77,0.32,0.29,0.3
42-iqr_Clean_haberman-smote_filtered-random_forest.txt,42,iqr_Clean_haberman,smote_filtered,random_forest,0.65,0.54,0.54,0.54,0.64,0.65,0.65,0.76,0.78,0.77,0.32,0.29,0.3
42-iqr_Clean_haberman-smote_filtered-tune_hgb.txt,42,iqr_Clean_haberman,smote_filtered,tune_hgb,0.74,0.37,0.5,0.42,0.55,0.74,0.63,0.74,1.0,0.85,0.0,0.0,0.0
42-iqr_Clean_haberman-smote_filtered-xgboost.txt,42,iqr_Clean_haberman,smote_filtered,xgboost,0.65,0.53,0.52,0.52,0.63,0.65,0.64,0.75,0.79,0.77,0.3,0.25,0.27
42-iqr_Clean_haberman-smotified_gan-random_forest.txt,42,iqr_Clean_haberman,smotified_gan,random_forest,0.62,0.51,0.51,0.51,0.62,0.62,0.62,0.75,0.74,0.74,0.28,0.29,0.29
42-iqr_Clean_haberman-smotified_gan-tune_hgb.txt,42,iqr_Clean_haberman,smotified_gan,tune_hgb,0.74,0.37,0.5,0.42,0.55,0.74,0.63,0.74,1.0,0.85,0.0,0.0,0.0
42-iqr_Clean_haberman-smotified_gan-xgboost.txt,42,iqr_Clean_haberman,smotified_gan,xgboost,0.63,0.51,0.51,0.51,0.62,0.63,0.63,0.74,0.76,0.75,0.27,0.25,0.26
42-iqr_Clean_haberman-smotified_gan_filtered-random_forest.txt,42,iqr_Clean_haberman,smotified_gan_filtered,random_forest,0.63,0.51,0.51,0.51,0.62,0.63,0.63,0.74,0.76,0.75,0.27,0.25,0.26
42-iqr_Clean_haberman-smotified_gan_filtered-tune_hgb.txt,42,iqr_Clean_haberman,smotified_gan_filtered,tune_hgb,0.74,0.37,0.5,0.42,0.55,0.74,0.63,0.74,1.0,0.85,0.0,0.0,0.0
42-iqr_Clean_haberman-smotified_gan_filtered-xgboost.txt,42,iqr_Clean_haberman,smotified_gan_filtered,xgboost,0.66,0.53,0.53,0.53,0.64,0.66,0.65,0.75,0.81,0.78,0.32,0.25,0.28
42-iqr_Clean_haberman-wgangp-random_forest.txt,42,iqr_Clean_haberman,wgangp,random_forest,0.62,0.5,0.5,0.5,0.61,0.62,0.62,0.74,0.75,0.74,0.26,0.25,0.26
42-iqr_Clean_haberman-wgangp-tune_hgb.txt,42,iqr_Clean_haberman,wgangp,tune_hgb,0.74,0.37,0.5,0.42,0.55,0.74,0.63,0.74,1.0,0.85,0.0,0.0,0.0
42-iqr_Clean_haberman-wgangp-xgboost.txt,42,iqr_Clean_haberman,wgangp,xgboost,0.64,0.5,0.5,0.5,0.62,0.64,0.63,0.74,0.79,0.77,0.26,0.21,0.23
42-iqr_Clean_haberman-wgangp_filtered-random_forest.txt,42,iqr_Clean_haberman,wgangp_filtered,random_forest,0.65,0.51,0.51,0.51,0.62,0.65,0.63,0.74,0.81,0.77,0.28,0.21,0.24
42-iqr_Clean_haberman-wgangp_filtered-tune_hgb.txt,42,iqr_Clean_haberman,wgangp_filtered,tune_hgb,0.74,0.37,0.5,0.42,0.55,0.74,0.63,0.74,1.0,0.85,0.0,0.0,0.0
42-iqr_Clean_haberman-wgangp_filtered-xgboost.txt,42,iqr_Clean_haberman,wgangp_filtered,xgboost,0.66,0.52,0.52,0.51,0.63,0.66,0.64,0.75,0.82,0.78,0.29,0.21,0.24
42-iqr_Clean_heart-baseline-lightgbm.txt,42,iqr_Clean_heart,baseline,lightgbm,0.89,0.89,0.89,0.89,0.89,0.89,0.89,0.87,0.88,0.87,0.9,0.9,0.9
42-iqr_Clean_heart-baseline-random_forest.txt,42,iqr_Clean_heart,baseline,random_forest,0.89,0.9,0.89,0.89,0.9,0.89,0.89,0.9,0.86,0.88,0.89,0.92,0.91
42-iqr_Clean_heart-baseline-tune_hgb.txt,42,iqr_Clean_heart,baseline,tune_hgb,0.9,0.9,0.9,0.9,0.9,0.9,0.9,0.89,0.89,0.89,0.91,0.91,0.91
42-iqr_Clean_heart-baseline-xgboost.txt,42,iqr_Clean_heart,baseline,xgboost,0.89,0.89,0.89,0.89,0.89,0.89,0.89,0.89,0.88,0.88,0.9,0.91,0.91
42-iqr_Clean_heart-ctgan-lightgbm.txt,42,iqr_Clean_heart,ctgan,lightgbm,0.89,0.89,0.89,0.89,0.89,0.89,0.89,0.86,0.89,0.88,0.91,0.88,0.9
42-iqr_Clean_heart-ctgan-random_forest.txt,42,iqr_Clean_heart,ctgan,random_forest,0.89,0.89,0.88,0.89,0.89,0.89,0.89,0.89,0.85,0.87,0.89,0.92,0.9
42-iqr_Clean_heart-ctgan-tune_hgb.txt,42,iqr_Clean_heart,ctgan,tune_hgb,0.87,0.87,0.87,0.87,0.87,0.87,0.87,0.87,0.84,0.85,0.87,0.9,0.89
42-iqr_Clean_heart-ctgan-xgboost.txt,42,iqr_Clean_heart,ctgan,xgboost,0.89,0.89,0.89,0.89,0.9,0.89,0.9,0.87,0.89,0.88,0.91,0.9,0.9
42-iqr_Clean_heart-ctgan_filtered-lightgbm.txt,42,iqr_Clean_heart,ctgan_filtered,lightgbm,0.88,0.87,0.88,0.88,0.88,0.88,0.88,0.85,0.88,0.86,0.9,0.88,0.89
42-iqr_Clean_heart-ctgan_filtered-random_forest.txt,42,iqr_Clean_heart,ctgan_filtered,random_forest,0.89,0.89,0.89,0.89,0.89,0.89,0.89,0.9,0.85,0.87,0.88,0.93,0.9
42-iqr_Clean_heart-ctgan_filtered-tune_hgb.txt,42,iqr_Clean_heart,ctgan_filtered,tune_hgb,0.89,0.89,0.89,0.89,0.9,0.89,0.89,0.88,0.89,0.88,0.91,0.9,0.9
42-iqr_Clean_heart-ctgan_filtered-xgboost.txt,42,iqr_Clean_heart,ctgan_filtered,xgboost,0.89,0.89,0.89,0.89,0.89,0.89,0.89,0.89,0.88,0.88,0.9,0.91,0.91
42-iqr_Clean_heart-gan_from_tutorial-random_forest.txt,42,iqr_Clean_heart,gan_from_tutorial,random_forest,0.87,0.88,0.87,0.87,0.87,0.87,0.87,0.89,0.81,0.85,0.86,0.92,0.89
42-iqr_Clean_heart-gan_from_tutorial-tune_hgb.txt,42,iqr_Clean_heart,gan_from_tutorial,tune_hgb,0.9,0.9,0.9,0.9,0.9,0.9,0.9,0.89,0.89,0.89,0.91,0.91,0.91
42-iqr_Clean_heart-gan_from_tutorial-xgboost.txt,42,iqr_Clean_heart,gan_from_tutorial,xgboost,0.88,0.88,0.88,0.88,0.88,0.88,0.88,0.86,0.87,0.86,0.89,0.88,0.89
42-iqr_Clean_heart-gan_from_tutorial_filtered-random_forest.txt,42,iqr_Clean_heart,gan_from_tutorial_filtered,random_forest,0.89,0.89,0.89,0.89,0.89,0.89,0.89,0.89,0.88,0.88,0.9,0.91,0.91
42-iqr_Clean_heart-gan_from_tutorial_filtered-tune_hgb.txt,42,iqr_Clean_heart,gan_from_tutorial_filtered,tune_hgb,0.89,0.89,0.89,0.89,0.89,0.89,0.89,0.86,0.89,0.88,0.91,0.88,0.9
42-iqr_Clean_heart-gan_from_tutorial_filtered-xgboost.txt,42,iqr_Clean_heart,gan_from_tutorial_filtered,xgboost,0.89,0.89,0.89,0.89,0.89,0.89,0.89,0.85,0.91,0.88,0.92,0.88,0.9
42-iqr_Clean_heart-gan_paper_2-random_forest.txt,42,iqr_Clean_heart,gan_paper_2,random_forest,0.89,0.9,0.89,0.89,0.9,0.89,0.89,0.9,0.86,0.88,0.89,0.92,0.91
42-iqr_Clean_heart-gan_paper_2-tune_hgb.txt,42,iqr_Clean_heart,gan_paper_2,tune_hgb,0.86,0.86,0.86,0.86,0.86,0.86,0.86,0.86,0.82,0.84,0.86,0.89,0.87
42-iqr_Clean_heart-gan_paper_2-xgboost.txt,42,iqr_Clean_heart,gan_paper_2,xgboost,0.89,0.89,0.89,0.89,0.9,0.89,0.89,0.88,0.89,0.88,0.91,0.9,0.9
42-iqr_Clean_heart-gan_paper_2_filtered-random_forest.txt,42,iqr_Clean_heart,gan_paper_2_filtered,random_forest,0.88,0.88,0.88,0.88,0.88,0.88,0.88,0.88,0.85,0.87,0.89,0.91,0.9
42-iqr_Clean_heart-gan_paper_2_filtered-tune_hgb.txt,42,iqr_Clean_heart,gan_paper_2_filtered,tune_hgb,0.87,0.87,0.87,0.87,0.87,0.87,0.87,0.83,0.89,0.86,0.9,0.86,0.88
42-iqr_Clean_heart-gan_paper_2_filtered-xgboost.txt,42,iqr_Clean_heart,gan_paper_2_filtered,xgboost,0.88,0.88,0.88,0.88,0.88,0.88,0.88,0.86,0.87,0.86,0.89,0.88,0.89
42-iqr_Clean_heart-smote-random_forest.txt,42,iqr_Clean_heart,smote,random_forest,0.89,0.89,0.89,0.89,0.89,0.89,0.89,0.91,0.84,0.87,0.88,0.93,0.91
42-iqr_Clean_heart-smote-tune_hgb.txt,42,iqr_Clean_heart,smote,tune_hgb,0.87,0.87,0.87,0.87,0.87,0.87,0.87,0.88,0.83,0.85,0.87,0.91,0.89
42-iqr_Clean_heart-smote-xgboost.txt,42,iqr_Clean_heart,smote,xgboost,0.89,0.89,0.89,0.89,0.89,0.89,0.89,0.87,0.89,0.88,0.91,0.89,0.9
42-iqr_Clean_heart-smote_filtered-random_forest.txt,42,iqr_Clean_heart,smote_filtered,random_forest,0.89,0.89,0.89,0.89,0.89,0.89,0.89,0.91,0.84,0.87,0.88,0.93,0.91
42-iqr_Clean_heart-smote_filtered-tune_hgb.txt,42,iqr_Clean_heart,smote_filtered,tune_hgb,0.87,0.87,0.87,0.87,0.87,0.87,0.87,0.88,0.83,0.85,0.87,0.91,0.89
42-iqr_Clean_heart-smote_filtered-xgboost.txt,42,iqr_Clean_heart,smote_filtered,xgboost,0.88,0.88,0.88,0.88,0.88,0.88,0.88,0.86,0.87,0.87,0.89,0.89,0.89
42-iqr_Clean_heart-smotified_gan-random_forest.txt,42,iqr_Clean_heart,smotified_gan,random_forest,0.89,0.9,0.89,0.89,0.89,0.89,0.89,0.92,0.83,0.87,0.87,0.94,0.91
42-iqr_Clean_heart-smotified_gan-tune_hgb.txt,42,iqr_Clean_heart,smotified_gan,tune_hgb,0.85,0.85,0.85,0.85,0.85,0.85,0.85,0.83,0.85,0.84,0.87,0.86,0.86
42-iqr_Clean_heart-smotified_gan-xgboost.txt,42,iqr_Clean_heart,smotified_gan,xgboost,0.89,0.89,0.89,0.89,0.9,0.89,0.9,0.87,0.89,0.88,0.91,0.9,0.9
42-iqr_Clean_heart-smotified_gan_filtered-random_forest.txt,42,iqr_Clean_heart,smotified_gan_filtered,random_forest,0.89,0.89,0.89,0.89,0.89,0.89,0.89,0.9,0.85,0.87,0.88,0.93,0.9
42-iqr_Clean_heart-smotified_gan_filtered-tune_hgb.txt,42,iqr_Clean_heart,smotified_gan_filtered,tune_hgb,0.85,0.85,0.85,0.85,0.85,0.85,0.85,0.83,0.85,0.84,0.87,0.86,0.86
42-iqr_Clean_heart-smotified_gan_filtered-xgboost.txt,42,iqr_Clean_heart,smotified_gan_filtered,xgboost,0.89,0.89,0.89,0.89,0.9,0.89,0.9,0.87,0.89,0.88,0.91,0.9,0.9
42-iqr_Clean_heart-wgangp-random_forest.txt,42,iqr_Clean_heart,wgangp,random_forest,0.89,0.89,0.89,0.89,0.89,0.89,0.89,0.9,0.85,0.87,0.88,0.93,0.9
42-iqr_Clean_heart-wgangp-tune_hgb.txt,42,iqr_Clean_heart,wgangp,tune_hgb,0.89,0.89,0.89,0.89,0.89,0.89,0.89,0.88,0.87,0.88,0.9,0.91,0.9
42-iqr_Clean_heart-wgangp-xgboost.txt,42,iqr_Clean_heart,wgangp,xgboost,0.89,0.89,0.89,0.89,0.89,0.89,0.89,0.87,0.89,0.88,0.91,0.89,0.9
42-iqr_Clean_heart-wgangp_filtered-random_forest.txt,42,iqr_Clean_heart,wgangp_filtered,random_forest,0.89,0.89,0.89,0.89,0.89,0.89,0.89,0.9,0.85,0.87,0.88,0.93,0.9
42-iqr_Clean_heart-wgangp_filtered-tune_hgb.txt,42,iqr_Clean_heart,wgangp_filtered,tune_hgb,0.89,0.89,0.89,0.89,0.89,0.89,0.89,0.88,0.87,0.88,0.9,0.91,0.9
42-iqr_Clean_heart-wgangp_filtered-xgboost.txt,42,iqr_Clean_heart,wgangp_filtered,xgboost,0.88,0.88,0.88,0.88,0.88,0.88,0.88,0.87,0.87,0.87,0.9,0.9,0.9
42-iqr_Clean_Infiltration-baseline-lightgbm.txt,42,iqr_Clean_Infiltration,baseline,lightgbm,1.0,0.56,0.86,0.6,1.0,1.0,1.0,1.0,1.0,1.0,0.12,0.73,0.2
42-iqr_Clean_Infiltration-baseline-random_forest.txt,42,iqr_Clean_Infiltration,baseline,random_forest,1.0,1.0,0.73,0.81,1.0,1.0,1.0,1.0,1.0,1.0,1.0,0.45,0.62
42-iqr_Clean_Infiltration-baseline-tune_hgb.txt,42,iqr_Clean_Infiltration,baseline,tune_hgb,1.0,0.86,0.86,0.86,1.0,1.0,1.0,1.0,1.0,1.0,0.73,0.73,0.73
42-iqr_Clean_Infiltration-baseline-xgboost.txt,42,iqr_Clean_Infiltration,baseline,xgboost,1.0,1.0,0.82,0.89,1.0,1.0,1.0,1.0,1.0,1.0,1.0,0.64,0.78
42-iqr_Clean_Infiltration-ctgan-lightgbm.txt,42,iqr_Clean_Infiltration,ctgan,lightgbm,1.0,1.0,0.82,0.89,1.0,1.0,1.0,1.0,1.0,1.0,1.0,0.64,0.78
42-iqr_Clean_Infiltration-ctgan-random_forest.txt,42,iqr_Clean_Infiltration,ctgan,random_forest,1.0,1.0,0.82,0.89,1.0,1.0,1.0,1.0,1.0,1.0,1.0,0.64,0.78
42-iqr_Clean_Infiltration-ctgan-tune_hgb.txt,42,iqr_Clean_Infiltration,ctgan,tune_hgb,1.0,0.95,0.91,0.93,1.0,1.0,1.0,1.0,1.0,1.0,0.9,0.82,0.86
42-iqr_Clean_Infiltration-ctgan-xgboost.txt,42,iqr_Clean_Infiltration,ctgan,xgboost,1.0,1.0,0.82,0.89,1.0,1.0,1.0,1.0,1.0,1.0,1.0,0.64,0.78
42-iqr_Clean_Infiltration-ctgan_filtered-lightgbm.txt,42,iqr_Clean_Infiltration,ctgan_filtered,lightgbm,1.0,0.95,0.91,0.93,1.0,1.0,1.0,1.0,1.0,1.0,0.9,0.82,0.86
42-iqr_Clean_Infiltration-ctgan_filtered-random_forest.txt,42,iqr_Clean_Infiltration,ctgan_filtered,random_forest,1.0,1.0,0.82,0.89,1.0,1.0,1.0,1.0,1.0,1.0,1.0,0.64,0.78
42-iqr_Clean_Infiltration-ctgan_filtered-tune_hgb.txt,42,iqr_Clean_Infiltration,ctgan_filtered,tune_hgb,1.0,1.0,0.91,0.95,1.0,1.0,1.0,1.0,1.0,1.0,1.0,0.82,0.9
42-iqr_Clean_Infiltration-ctgan_filtered-xgboost.txt,42,iqr_Clean_Infiltration,ctgan_filtered,xgboost,1.0,1.0,0.86,0.92,1.0,1.0,1.0,1.0,1.0,1.0,1.0,0.73,0.84
42-iqr_Clean_Infiltration-gan_from_tutorial-random_forest.txt,42,iqr_Clean_Infiltration,gan_from_tutorial,random_forest,1.0,1.0,0.73,0.81,1.0,1.0,1.0,1.0,1.0,1.0,1.0,0.45,0.62
42-iqr_Clean_Infiltration-gan_from_tutorial-tune_hgb.txt,42,iqr_Clean_Infiltration,gan_from_tutorial,tune_hgb,1.0,1.0,0.82,0.89,1.0,1.0,1.0,1.0,1.0,1.0,1.0,0.64,0.78
42-iqr_Clean_Infiltration-gan_from_tutorial-xgboost.txt,42,iqr_Clean_Infiltration,gan_from_tutorial,xgboost,1.0,1.0,0.82,0.89,1.0,1.0,1.0,1.0,1.0,1.0,1.0,0.64,0.78
42-iqr_Clean_Infiltration-gan_from_tutorial_filtered-random_forest.txt,42,iqr_Clean_Infiltration,gan_from_tutorial_filtered,random_forest,1.0,1.0,0.82,0.89,1.0,1.0,1.0,1.0,1.0,1.0,1.0,0.64,0.78
42-iqr_Clean_Infiltration-gan_from_tutorial_filtered-tune_hgb.txt,42,iqr_Clean_Infiltration,gan_from_tutorial_filtered,tune_hgb,1.0,1.0,0.86,0.92,1.0,1.0,1.0,1.0,1.0,1.0,1.0,0.73,0.84
42-iqr_Clean_Infiltration-gan_from_tutorial_filtered-xgboost.txt,42,iqr_Clean_Infiltration,gan_from_tutorial_filtered,xgboost,1.0,1.0,0.82,0.89,1.0,1.0,1.0,1.0,1.0,1.0,1.0,0.64,0.78
42-iqr_Clean_Infiltration-gan_paper_2-random_forest.txt,42,iqr_Clean_Infiltration,gan_paper_2,random_forest,1.0,1.0,0.82,0.89,1.0,1.0,1.0,1.0,1.0,1.0,1.0,0.64,0.78
42-iqr_Clean_Infiltration-gan_paper_2-tune_hgb.txt,42,iqr_Clean_Infiltration,gan_paper_2,tune_hgb,1.0,0.95,0.91,0.93,1.0,1.0,1.0,1.0,1.0,1.0,0.9,0.82,0.86
42-iqr_Clean_Infiltration-gan_paper_2-xgboost.txt,42,iqr_Clean_Infiltration,gan_paper_2,xgboost,1.0,1.0,0.86,0.92,1.0,1.0,1.0,1.0,1.0,1.0,1.0,0.73,0.84
42-iqr_Clean_Infiltration-gan_paper_2_filtered-random_forest.txt,42,iqr_Clean_Infiltration,gan_paper_2_filtered,random_forest,1.0,1.0,0.82,0.89,1.0,1.0,1.0,1.0,1.0,1.0,1.0,0.64,0.78
42-iqr_Clean_Infiltration-gan_paper_2_filtered-tune_hgb.txt,42,iqr_Clean_Infiltration,gan_paper_2_filtered,tune_hgb,1.0,1.0,0.86,0.92,1.0,1.0,1.0,1.0,1.0,1.0,1.0,0.73,0.84
42-iqr_Clean_Infiltration-gan_paper_2_filtered-xgboost.txt,42,iqr_Clean_Infiltration,gan_paper_2_filtered,xgboost,1.0,1.0,0.86,0.92,1.0,1.0,1.0,1.0,1.0,1.0,1.0,0.73,0.84
42-iqr_Clean_Infiltration-smote-random_forest.txt,42,iqr_Clean_Infiltration,smote,random_forest,1.0,1.0,0.91,0.95,1.0,1.0,1.0,1.0,1.0,1.0,1.0,0.82,0.9
42-iqr_Clean_Infiltration-smote-tune_hgb.txt,42,iqr_Clean_Infiltration,smote,tune_hgb,1.0,0.91,0.91,0.91,1.0,1.0,1.0,1.0,1.0,1.0,0.82,0.82,0.82
42-iqr_Clean_Infiltration-smote-xgboost.txt,42,iqr_Clean_Infiltration,smote,xgboost,1.0,0.95,0.95,0.95,1.0,1.0,1.0,1.0,1.0,1.0,0.91,0.91,0.91
42-iqr_Clean_Infiltration-smote_filtered-random_forest.txt,42,iqr_Clean_Infiltration,smote_filtered,random_forest,1.0,1.0,0.91,0.95,1.0,1.0,1.0,1.0,1.0,1.0,1.0,0.82,0.9
42-iqr_Clean_Infiltration-smote_filtered-tune_hgb.txt,42,iqr_Clean_Infiltration,smote_filtered,tune_hgb,1.0,0.5,0.5,0.5,1.0,1.0,1.0,1.0,1.0,1.0,0.0,0.0,0.0
42-iqr_Clean_Infiltration-smote_filtered-xgboost.txt,42,iqr_Clean_Infiltration,smote_filtered,xgboost,1.0,0.92,0.95,0.93,1.0,1.0,1.0,1.0,1.0,1.0,0.83,0.91,0.87
42-iqr_Clean_Infiltration-smotified_gan-random_forest.txt,42,iqr_Clean_Infiltration,smotified_gan,random_forest,1.0,1.0,0.73,0.81,1.0,1.0,1.0,1.0,1.0,1.0,1.0,0.45,0.62
42-iqr_Clean_Infiltration-smotified_gan-tune_hgb.txt,42,iqr_Clean_Infiltration,smotified_gan,tune_hgb,1.0,1.0,0.91,0.95,1.0,1.0,1.0,1.0,1.0,1.0,1.0,0.82,0.9
42-iqr_Clean_Infiltration-smotified_gan-xgboost.txt,42,iqr_Clean_Infiltration,smotified_gan,xgboost,1.0,1.0,0.82,0.89,1.0,1.0,1.0,1.0,1.0,1.0,1.0,0.64,0.78
42-iqr_Clean_Infiltration-smotified_gan_filtered-random_forest.txt,42,iqr_Clean_Infiltration,smotified_gan_filtered,random_forest,1.0,1.0,0.77,0.85,1.0,1.0,1.0,1.0,1.0,1.0,1.0,0.55,0.71
42-iqr_Clean_Infiltration-smotified_gan_filtered-tune_hgb.txt,42,iqr_Clean_Infiltration,smotified_gan_filtered,tune_hgb,1.0,1.0,0.86,0.92,1.0,1.0,1.0,1.0,1.0,1.0,1.0,0.73,0.84
42-iqr_Clean_Infiltration-smotified_gan_filtered-xgboost.txt,42,iqr_Clean_Infiltration,smotified_gan_filtered,xgboost,1.0,1.0,0.82,0.89,1.0,1.0,1.0,1.0,1.0,1.0,1.0,0.64,0.78
42-iqr_Clean_Infiltration-wgangp-random_forest.txt,42,iqr_Clean_Infiltration,wgangp,random_forest,1.0,1.0,0.73,0.81,1.0,1.0,1.0,1.0,1.0,1.0,1.0,0.45,0.62
42-iqr_Clean_Infiltration-wgangp-tune_hgb.txt,42,iqr_Clean_Infiltration,wgangp,tune_hgb,1.0,1.0,0.91,0.95,1.0,1.0,1.0,1.0,1.0,1.0,1.0,0.82,0.9
42-iqr_Clean_Infiltration-wgangp-xgboost.txt,42,iqr_Clean_Infiltration,wgangp,xgboost,1.0,1.0,0.82,0.89,1.0,1.0,1.0,1.0,1.0,1.0,1.0,0.64,0.78
42-iqr_Clean_Infiltration-wgangp_filtered-random_forest.txt,42,iqr_Clean_Infiltration,wgangp_filtered,random_forest,1.0,1.0,0.73,0.81,1.0,1.0,1.0,1.0,1.0,1.0,1.0,0.45,0.62
42-iqr_Clean_Infiltration-wgangp_filtered-tune_hgb.txt,42,iqr_Clean_Infiltration,wgangp_filtered,tune_hgb,1.0,0.5,0.5,0.5,1.0,1.0,1.0,1.0,1.0,1.0,0.0,0.0,0.0
42-iqr_Clean_Infiltration-wgangp_filtered-xgboost.txt,42,iqr_Clean_Infiltration,wgangp_filtered,xgboost,1.0,1.0,0.82,0.89,1.0,1.0,1.0,1.0,1.0,1.0,1.0,0.64,0.78
42-iqr_Clean_ionosphere-baseline-lightgbm.txt,42,iqr_Clean_ionosphere,baseline,lightgbm,0.92,0.93,0.91,0.92,0.93,0.92,0.92,0.92,0.97,0.94,0.94,0.84,0.89
42-iqr_Clean_ionosphere-baseline-random_forest.txt,42,iqr_Clean_ionosphere,baseline,random_forest,0.94,0.95,0.93,0.94,0.94,0.94,0.94,0.93,0.99,0.96,0.97,0.87,0.92
42-iqr_Clean_ionosphere-baseline-tune_hgb.txt,42,iqr_Clean_ionosphere,baseline,tune_hgb,0.92,0.91,0.9,0.91,0.92,0.92,0.91,0.92,0.96,0.94,0.91,0.84,0.88
42-iqr_Clean_ionosphere-baseline-xgboost.txt,42,iqr_Clean_ionosphere,baseline,xgboost,0.92,0.93,0.89,0.9,0.92,0.92,0.91,0.89,0.99,0.94,0.97,0.79,0.87
42-iqr_Clean_ionosphere-ctgan-lightgbm.txt,42,iqr_Clean_ionosphere,ctgan,lightgbm,0.92,0.93,0.89,0.9,0.92,0.92,0.91,0.89,0.99,0.94,0.97,0.79,0.87
42-iqr_Clean_ionosphere-ctgan-random_forest.txt,42,iqr_Clean_ionosphere,ctgan,random_forest,0.92,0.93,0.91,0.92,0.93,0.92,0.92,0.92,0.97,0.94,0.94,0.84,0.89
42-iqr_Clean_ionosphere-ctgan-tune_hgb.txt,42,iqr_Clean_ionosphere,ctgan,tune_hgb,0.92,0.93,0.89,0.9,0.92,0.92,0.91,0.89,0.99,0.94,0.97,0.79,0.87
42-iqr_Clean_ionosphere-ctgan-xgboost.txt,42,iqr_Clean_ionosphere,ctgan,xgboost,0.92,0.94,0.9,0.91,0.93,0.92,0.92,0.91,0.99,0.94,0.97,0.82,0.89
42-iqr_Clean_ionosphere-ctgan_filtered-lightgbm.txt,42,iqr_Clean_ionosphere,ctgan_filtered,lightgbm,0.92,0.93,0.89,0.9,0.92,0.92,0.91,0.89,0.99,0.94,0.97,0.79,0.87
42-iqr_Clean_ionosphere-ctgan_filtered-random_forest.txt,42,iqr_Clean_ionosphere,ctgan_filtered,random_forest,0.93,0.94,0.92,0.93,0.93,0.93,0.93,0.93,0.97,0.95,0.94,0.87,0.9
42-iqr_Clean_ionosphere-ctgan_filtered-tune_hgb.txt,42,iqr_Clean_ionosphere,ctgan_filtered,tune_hgb,0.92,0.94,0.9,0.91,0.93,0.92,0.92,0.91,0.99,0.94,0.97,0.82,0.89
42-iqr_Clean_ionosphere-ctgan_filtered-xgboost.txt,42,iqr_Clean_ionosphere,ctgan_filtered,xgboost,0.92,0.94,0.9,0.91,0.93,0.92,0.92,0.91,0.99,0.94,0.97,0.82,0.89
42-iqr_Clean_ionosphere-gan_from_tutorial-random_forest.txt,42,iqr_Clean_ionosphere,gan_from_tutorial,random_forest,0.92,0.93,0.91,0.92,0.93,0.92,0.92,0.92,0.97,0.94,0.94,0.84,0.89
42-iqr_Clean_ionosphere-gan_from_tutorial-tune_hgb.txt,42,iqr_Clean_ionosphere,gan_from_tutorial,tune_hgb,0.91,0.92,0.87,0.89,0.91,0.91,0.9,0.88,0.99,0.93,0.97,0.76,0.85
42-iqr_Clean_ionosphere-gan_from_tutorial-xgboost.txt,42,iqr_Clean_ionosphere,gan_from_tutorial,xgboost,0.92,0.94,0.88,0.9,0.93,0.92,0.91,0.88,1.0,0.94,1.0,0.76,0.87
42-iqr_Clean_ionosphere-gan_from_tutorial_filtered-random_forest.txt,42,iqr_Clean_ionosphere,gan_from_tutorial_filtered,random_forest,0.94,0.94,0.93,0.94,0.94,0.94,0.94,0.94,0.97,0.96,0.94,0.89,0.92
42-iqr_Clean_ionosphere-gan_from_tutorial_filtered-tune_hgb.txt,42,iqr_Clean_ionosphere,gan_from_tutorial_filtered,tune_hgb,0.92,0.93,0.89,0.9,0.92,0.92,0.91,0.89,0.99,0.94,0.97,0.79,0.87
42-iqr_Clean_ionosphere-gan_from_tutorial_filtered-xgboost.txt,42,iqr_Clean_ionosphere,gan_from_tutorial_filtered,xgboost,0.92,0.92,0.89,0.9,0.92,0.92,0.91,0.9,0.97,0.94,0.94,0.82,0.87
42-iqr_Clean_ionosphere-gan_paper_2-random_forest.txt,42,iqr_Clean_ionosphere,gan_paper_2,random_forest,0.93,0.94,0.92,0.93,0.93,0.93,0.93,0.93,0.97,0.95,0.94,0.87,0.9
42-iqr_Clean_ionosphere-gan_paper_2-tune_hgb.txt,42,iqr_Clean_ionosphere,gan_paper_2,tune_hgb,0.92,0.94,0.9,0.91,0.93,0.92,0.92,0.91,0.99,0.94,0.97,0.82,0.89
42-iqr_Clean_ionosphere-gan_paper_2-xgboost.txt,42,iqr_Clean_ionosphere,gan_paper_2,xgboost,0.9,0.91,0.87,0.88,0.9,0.9,0.89,0.88,0.97,0.92,0.94,0.76,0.84
42-iqr_Clean_ionosphere-gan_paper_2_filtered-random_forest.txt,42,iqr_Clean_ionosphere,gan_paper_2_filtered,random_forest,0.94,0.94,0.93,0.94,0.94,0.94,0.94,0.94,0.97,0.96,0.94,0.89,0.92
42-iqr_Clean_ionosphere-gan_paper_2_filtered-tune_hgb.txt,42,iqr_Clean_ionosphere,gan_paper_2_filtered,tune_hgb,0.92,0.94,0.9,0.91,0.93,0.92,0.92,0.91,0.99,0.94,0.97,0.82,0.89
42-iqr_Clean_ionosphere-gan_paper_2_filtered-xgboost.txt,42,iqr_Clean_ionosphere,gan_paper_2_filtered,xgboost,0.9,0.91,0.87,0.88,0.9,0.9,0.89,0.88,0.97,0.92,0.94,0.76,0.84
42-iqr_Clean_ionosphere-smote-random_forest.txt,42,iqr_Clean_ionosphere,smote,random_forest,0.92,0.92,0.89,0.9,0.92,0.92,0.91,0.9,0.97,0.94,0.94,0.82,0.87
42-iqr_Clean_ionosphere-smote-tune_hgb.txt,42,iqr_Clean_ionosphere,smote,tune_hgb,0.92,0.93,0.89,0.9,0.92,0.92,0.91,0.89,0.99,0.94,0.97,0.79,0.87
42-iqr_Clean_ionosphere-smote-xgboost.txt,42,iqr_Clean_ionosphere,smote,xgboost,0.91,0.91,0.88,0.89,0.91,0.91,0.9,0.89,0.97,0.93,0.94,0.79,0.86
42-iqr_Clean_ionosphere-smote_filtered-random_forest.txt,42,iqr_Clean_ionosphere,smote_filtered,random_forest,0.91,0.91,0.88,0.89,0.91,0.91,0.9,0.89,0.97,0.93,0.94,0.79,0.86
42-iqr_Clean_ionosphere-smote_filtered-tune_hgb.txt,42,iqr_Clean_ionosphere,smote_filtered,tune_hgb,0.92,0.93,0.89,0.9,0.92,0.92,0.91,0.89,0.99,0.94,0.97,0.79,0.87
42-iqr_Clean_ionosphere-smote_filtered-xgboost.txt,42,iqr_Clean_ionosphere,smote_filtered,xgboost,0.92,0.93,0.89,0.9,0.92,0.92,0.91,0.89,0.99,0.94,0.97,0.79,0.87
42-iqr_Clean_ionosphere-smotified_gan-random_forest.txt,42,iqr_Clean_ionosphere,smotified_gan,random_forest,0.92,0.93,0.89,0.9,0.92,0.92,0.91,0.89,0.99,0.94,0.97,0.79,0.87
42-iqr_Clean_ionosphere-smotified_gan-tune_hgb.txt,42,iqr_Clean_ionosphere,smotified_gan,tune_hgb,0.87,0.85,0.87,0.86,0.87,0.87,0.87,0.92,0.87,0.89,0.79,0.87,0.82
42-iqr_Clean_ionosphere-smotified_gan-xgboost.txt,42,iqr_Clean_ionosphere,smotified_gan,xgboost,0.91,0.91,0.88,0.89,0.91,0.91,0.9,0.89,0.97,0.93,0.94,0.79,0.86
42-iqr_Clean_ionosphere-smotified_gan_filtered-random_forest.txt,42,iqr_Clean_ionosphere,smotified_gan_filtered,random_forest,0.92,0.92,0.89,0.9,0.92,0.92,0.91,0.9,0.97,0.94,0.94,0.82,0.87
42-iqr_Clean_ionosphere-smotified_gan_filtered-tune_hgb.txt,42,iqr_Clean_ionosphere,smotified_gan_filtered,tune_hgb,0.87,0.85,0.87,0.86,0.87,0.87,0.87,0.92,0.87,0.89,0.79,0.87,0.82
42-iqr_Clean_ionosphere-smotified_gan_filtered-xgboost.txt,42,iqr_Clean_ionosphere,smotified_gan_filtered,xgboost,0.89,0.89,0.86,0.87,0.89,0.89,0.88,0.88,0.96,0.92,0.91,0.76,0.83
42-iqr_Clean_ionosphere-wgangp-random_forest.txt,42,iqr_Clean_ionosphere,wgangp,random_forest,0.91,0.91,0.88,0.89,0.91,0.91,0.9,0.89,0.97,0.93,0.94,0.79,0.86
42-iqr_Clean_ionosphere-wgangp-tune_hgb.txt,42,iqr_Clean_ionosphere,wgangp,tune_hgb,0.92,0.95,0.89,0.91,0.93,0.92,0.92,0.89,1.0,0.94,1.0,0.79,0.88
42-iqr_Clean_ionosphere-wgangp-xgboost.txt,42,iqr_Clean_ionosphere,wgangp,xgboost,0.9,0.91,0.87,0.88,0.9,0.9,0.89,0.88,0.97,0.92,0.94,0.76,0.84
42-iqr_Clean_ionosphere-wgangp_filtered-random_forest.txt,42,iqr_Clean_ionosphere,wgangp_filtered,random_forest,0.91,0.91,0.88,0.89,0.91,0.91,0.9,0.89,0.97,0.93,0.94,0.79,0.86
42-iqr_Clean_ionosphere-wgangp_filtered-tune_hgb.txt,42,iqr_Clean_ionosphere,wgangp_filtered,tune_hgb,0.91,0.92,0.87,0.89,0.91,0.91,0.9,0.88,0.99,0.93,0.97,0.76,0.85
42-iqr_Clean_ionosphere-wgangp_filtered-xgboost.txt,42,iqr_Clean_ionosphere,wgangp_filtered,xgboost,0.91,0.91,0.89,0.89,0.91,0.91,0.9,0.9,0.96,0.93,0.91,0.82,0.86
42-iqr_Clean_Loan_Default-baseline-lightgbm.txt,42,iqr_Clean_Loan_Default,baseline,lightgbm,1.0,1.0,1.0,1.0,1.0,1.0,1.0,1.0,1.0,1.0,1.0,1.0,1.0
42-iqr_Clean_Loan_Default-baseline-random_forest.txt,42,iqr_Clean_Loan_Default,baseline,random_forest,1.0,1.0,1.0,1.0,1.0,1.0,1.0,1.0,1.0,1.0,1.0,1.0,1.0
42-iqr_Clean_Loan_Default-baseline-tune_hgb.txt,42,iqr_Clean_Loan_Default,baseline,tune_hgb,1.0,1.0,1.0,1.0,1.0,1.0,1.0,1.0,1.0,1.0,1.0,1.0,1.0
42-iqr_Clean_Loan_Default-baseline-xgboost.txt,42,iqr_Clean_Loan_Default,baseline,xgboost,1.0,1.0,1.0,1.0,1.0,1.0,1.0,1.0,1.0,1.0,1.0,1.0,1.0
42-iqr_Clean_Loan_Default-ctgan-lightgbm.txt,42,iqr_Clean_Loan_Default,ctgan,lightgbm,1.0,1.0,1.0,1.0,1.0,1.0,1.0,1.0,1.0,1.0,1.0,1.0,1.0
42-iqr_Clean_Loan_Default-ctgan-random_forest.txt,42,iqr_Clean_Loan_Default,ctgan,random_forest,1.0,1.0,1.0,1.0,1.0,1.0,1.0,1.0,1.0,1.0,1.0,1.0,1.0
42-iqr_Clean_Loan_Default-ctgan-tune_hgb.txt,42,iqr_Clean_Loan_Default,ctgan,tune_hgb,1.0,1.0,1.0,1.0,1.0,1.0,1.0,1.0,1.0,1.0,1.0,1.0,1.0
42-iqr_Clean_Loan_Default-ctgan-xgboost.txt,42,iqr_Clean_Loan_Default,ctgan,xgboost,1.0,1.0,1.0,1.0,1.0,1.0,1.0,1.0,1.0,1.0,1.0,1.0,1.0
42-iqr_Clean_Loan_Default-ctgan_filtered-lightgbm.txt,42,iqr_Clean_Loan_Default,ctgan_filtered,lightgbm,1.0,1.0,1.0,1.0,1.0,1.0,1.0,1.0,1.0,1.0,1.0,1.0,1.0
42-iqr_Clean_Loan_Default-ctgan_filtered-random_forest.txt,42,iqr_Clean_Loan_Default,ctgan_filtered,random_forest,1.0,1.0,1.0,1.0,1.0,1.0,1.0,1.0,1.0,1.0,1.0,1.0,1.0
42-iqr_Clean_Loan_Default-ctgan_filtered-tune_hgb.txt,42,iqr_Clean_Loan_Default,ctgan_filtered,tune_hgb,1.0,1.0,1.0,1.0,1.0,1.0,1.0,1.0,1.0,1.0,1.0,1.0,1.0
42-iqr_Clean_Loan_Default-ctgan_filtered-xgboost.txt,42,iqr_Clean_Loan_Default,ctgan_filtered,xgboost,1.0,1.0,1.0,1.0,1.0,1.0,1.0,1.0,1.0,1.0,1.0,1.0,1.0
42-iqr_Clean_Loan_Default-gan_from_tutorial-random_forest.txt,42,iqr_Clean_Loan_Default,gan_from_tutorial,random_forest,1.0,1.0,1.0,1.0,1.0,1.0,1.0,1.0,1.0,1.0,1.0,1.0,1.0
42-iqr_Clean_Loan_Default-gan_from_tutorial-tune_hgb.txt,42,iqr_Clean_Loan_Default,gan_from_tutorial,tune_hgb,1.0,1.0,1.0,1.0,1.0,1.0,1.0,1.0,1.0,1.0,1.0,1.0,1.0
42-iqr_Clean_Loan_Default-gan_from_tutorial-xgboost.txt,42,iqr_Clean_Loan_Default,gan_from_tutorial,xgboost,1.0,1.0,1.0,1.0,1.0,1.0,1.0,1.0,1.0,1.0,1.0,1.0,1.0
42-iqr_Clean_Loan_Default-gan_from_tutorial_filtered-random_forest.txt,42,iqr_Clean_Loan_Default,gan_from_tutorial_filtered,random_forest,1.0,1.0,1.0,1.0,1.0,1.0,1.0,1.0,1.0,1.0,1.0,1.0,1.0
42-iqr_Clean_Loan_Default-gan_from_tutorial_filtered-tune_hgb.txt,42,iqr_Clean_Loan_Default,gan_from_tutorial_filtered,tune_hgb,1.0,1.0,1.0,1.0,1.0,1.0,1.0,1.0,1.0,1.0,1.0,1.0,1.0
42-iqr_Clean_Loan_Default-gan_from_tutorial_filtered-xgboost.txt,42,iqr_Clean_Loan_Default,gan_from_tutorial_filtered,xgboost,1.0,1.0,1.0,1.0,1.0,1.0,1.0,1.0,1.0,1.0,1.0,1.0,1.0
42-iqr_Clean_Loan_Default-gan_paper_2-random_forest.txt,42,iqr_Clean_Loan_Default,gan_paper_2,random_forest,1.0,1.0,1.0,1.0,1.0,1.0,1.0,1.0,1.0,1.0,1.0,1.0,1.0
42-iqr_Clean_Loan_Default-gan_paper_2-tune_hgb.txt,42,iqr_Clean_Loan_Default,gan_paper_2,tune_hgb,0.75,0.38,0.5,0.43,0.57,0.75,0.65,0.75,1.0,0.86,0.0,0.0,0.0
42-iqr_Clean_Loan_Default-gan_paper_2-xgboost.txt,42,iqr_Clean_Loan_Default,gan_paper_2,xgboost,1.0,1.0,1.0,1.0,1.0,1.0,1.0,1.0,1.0,1.0,1.0,1.0,1.0
42-iqr_Clean_Loan_Default-gan_paper_2_filtered-random_forest.txt,42,iqr_Clean_Loan_Default,gan_paper_2_filtered,random_forest,1.0,1.0,1.0,1.0,1.0,1.0,1.0,1.0,1.0,1.0,1.0,1.0,1.0
42-iqr_Clean_Loan_Default-gan_paper_2_filtered-tune_hgb.txt,42,iqr_Clean_Loan_Default,gan_paper_2_filtered,tune_hgb,1.0,1.0,1.0,1.0,1.0,1.0,1.0,1.0,1.0,1.0,1.0,1.0,1.0
42-iqr_Clean_Loan_Default-gan_paper_2_filtered-xgboost.txt,42,iqr_Clean_Loan_Default,gan_paper_2_filtered,xgboost,1.0,1.0,1.0,1.0,1.0,1.0,1.0,1.0,1.0,1.0,1.0,1.0,1.0
42-iqr_Clean_Loan_Default-smote-random_forest.txt,42,iqr_Clean_Loan_Default,smote,random_forest,1.0,1.0,1.0,1.0,1.0,1.0,1.0,1.0,1.0,1.0,1.0,1.0,1.0
42-iqr_Clean_Loan_Default-smote-tune_hgb.txt,42,iqr_Clean_Loan_Default,smote,tune_hgb,1.0,1.0,1.0,1.0,1.0,1.0,1.0,1.0,1.0,1.0,1.0,1.0,1.0
42-iqr_Clean_Loan_Default-smote-xgboost.txt,42,iqr_Clean_Loan_Default,smote,xgboost,1.0,1.0,1.0,1.0,1.0,1.0,1.0,1.0,1.0,1.0,1.0,1.0,1.0
42-iqr_Clean_Loan_Default-smote_filtered-random_forest.txt,42,iqr_Clean_Loan_Default,smote_filtered,random_forest,1.0,1.0,1.0,1.0,1.0,1.0,1.0,1.0,1.0,1.0,1.0,1.0,1.0
42-iqr_Clean_Loan_Default-smote_filtered-tune_hgb.txt,42,iqr_Clean_Loan_Default,smote_filtered,tune_hgb,1.0,1.0,1.0,1.0,1.0,1.0,1.0,1.0,1.0,1.0,1.0,1.0,1.0
42-iqr_Clean_Loan_Default-smote_filtered-xgboost.txt,42,iqr_Clean_Loan_Default,smote_filtered,xgboost,1.0,1.0,1.0,1.0,1.0,1.0,1.0,1.0,1.0,1.0,1.0,1.0,1.0
42-iqr_Clean_Loan_Default-smotified_gan-random_forest.txt,42,iqr_Clean_Loan_Default,smotified_gan,random_forest,1.0,1.0,1.0,1.0,1.0,1.0,1.0,1.0,1.0,1.0,1.0,1.0,1.0
42-iqr_Clean_Loan_Default-smotified_gan-tune_hgb.txt,42,iqr_Clean_Loan_Default,smotified_gan,tune_hgb,1.0,1.0,1.0,1.0,1.0,1.0,1.0,1.0,1.0,1.0,1.0,1.0,1.0
42-iqr_Clean_Loan_Default-smotified_gan-xgboost.txt,42,iqr_Clean_Loan_Default,smotified_gan,xgboost,1.0,1.0,1.0,1.0,1.0,1.0,1.0,1.0,1.0,1.0,1.0,1.0,1.0
42-iqr_Clean_Loan_Default-smotified_gan_filtered-random_forest.txt,42,iqr_Clean_Loan_Default,smotified_gan_filtered,random_forest,1.0,1.0,1.0,1.0,1.0,1.0,1.0,1.0,1.0,1.0,1.0,1.0,1.0
42-iqr_Clean_Loan_Default-smotified_gan_filtered-tune_hgb.txt,42,iqr_Clean_Loan_Default,smotified_gan_filtered,tune_hgb,1.0,1.0,1.0,1.0,1.0,1.0,1.0,1.0,1.0,1.0,1.0,1.0,1.0
42-iqr_Clean_Loan_Default-smotified_gan_filtered-xgboost.txt,42,iqr_Clean_Loan_Default,smotified_gan_filtered,xgboost,1.0,1.0,1.0,1.0,1.0,1.0,1.0,1.0,1.0,1.0,1.0,1.0,1.0
42-iqr_Clean_Loan_Default-wgangp-random_forest.txt,42,iqr_Clean_Loan_Default,wgangp,random_forest,1.0,1.0,1.0,1.0,1.0,1.0,1.0,1.0,1.0,1.0,1.0,1.0,1.0
42-iqr_Clean_Loan_Default-wgangp-tune_hgb.txt,42,iqr_Clean_Loan_Default,wgangp,tune_hgb,0.75,0.38,0.5,0.43,0.57,0.75,0.65,0.75,1.0,0.86,0.0,0.0,0.0
42-iqr_Clean_Loan_Default-wgangp-xgboost.txt,42,iqr_Clean_Loan_Default,wgangp,xgboost,1.0,1.0,1.0,1.0,1.0,1.0,1.0,1.0,1.0,1.0,1.0,1.0,1.0
42-iqr_Clean_Loan_Default-wgangp_filtered-random_forest.txt,42,iqr_Clean_Loan_Default,wgangp_filtered,random_forest,1.0,1.0,1.0,1.0,1.0,1.0,1.0,1.0,1.0,1.0,1.0,1.0,1.0
42-iqr_Clean_Loan_Default-wgangp_filtered-tune_hgb.txt,42,iqr_Clean_Loan_Default,wgangp_filtered,tune_hgb,1.0,1.0,1.0,1.0,1.0,1.0,1.0,1.0,1.0,1.0,1.0,1.0,1.0
42-iqr_Clean_Loan_Default-wgangp_filtered-xgboost.txt,42,iqr_Clean_Loan_Default,wgangp_filtered,xgboost,1.0,1.0,1.0,1.0,1.0,1.0,1.0,1.0,1.0,1.0,1.0,1.0,1.0
42-iqr_Clean_nsl_kdd_full_dataset-baseline-lightgbm.txt,42,iqr_Clean_nsl_kdd_full_dataset,baseline,lightgbm,1.0,1.0,1.0,1.0,1.0,1.0,1.0,1.0,1.0,1.0,1.0,0.99,1.0
42-iqr_Clean_nsl_kdd_full_dataset-baseline-random_forest.txt,42,iqr_Clean_nsl_kdd_full_dataset,baseline,random_forest,1.0,1.0,1.0,1.0,1.0,1.0,1.0,0.99,1.0,1.0,1.0,0.99,0.99
42-iqr_Clean_nsl_kdd_full_dataset-baseline-tune_hgb.txt,42,iqr_Clean_nsl_kdd_full_dataset,baseline,tune_hgb,1.0,1.0,1.0,1.0,1.0,1.0,1.0,0.99,1.0,1.0,1.0,0.99,1.0
42-iqr_Clean_nsl_kdd_full_dataset-baseline-xgboost.txt,42,iqr_Clean_nsl_kdd_full_dataset,baseline,xgboost,1.0,1.0,1.0,1.0,1.0,1.0,1.0,0.99,1.0,1.0,1.0,0.99,1.0
42-iqr_Clean_nsl_kdd_full_dataset-ctgan-lightgbm.txt,42,iqr_Clean_nsl_kdd_full_dataset,ctgan,lightgbm,1.0,1.0,1.0,1.0,1.0,1.0,1.0,1.0,1.0,1.0,1.0,1.0,1.0
42-iqr_Clean_nsl_kdd_full_dataset-ctgan-random_forest.txt,42,iqr_Clean_nsl_kdd_full_dataset,ctgan,random_forest,1.0,1.0,0.99,1.0,1.0,1.0,1.0,0.99,1.0,1.0,1.0,0.99,0.99
42-iqr_Clean_nsl_kdd_full_dataset-ctgan-tune_hgb.txt,42,iqr_Clean_nsl_kdd_full_dataset,ctgan,tune_hgb,1.0,1.0,1.0,1.0,1.0,1.0,1.0,0.99,1.0,1.0,1.0,0.99,1.0
42-iqr_Clean_nsl_kdd_full_dataset-ctgan-xgboost.txt,42,iqr_Clean_nsl_kdd_full_dataset,ctgan,xgboost,1.0,1.0,1.0,1.0,1.0,1.0,1.0,0.99,1.0,1.0,1.0,0.99,1.0
42-iqr_Clean_nsl_kdd_full_dataset-ctgan_filtered-lightgbm.txt,42,iqr_Clean_nsl_kdd_full_dataset,ctgan_filtered,lightgbm,1.0,1.0,1.0,1.0,1.0,1.0,1.0,1.0,1.0,1.0,1.0,1.0,1.0
42-iqr_Clean_nsl_kdd_full_dataset-ctgan_filtered-random_forest.txt,42,iqr_Clean_nsl_kdd_full_dataset,ctgan_filtered,random_forest,1.0,1.0,1.0,1.0,1.0,1.0,1.0,1.0,1.0,1.0,1.0,0.99,0.99
42-iqr_Clean_nsl_kdd_full_dataset-ctgan_filtered-tune_hgb.txt,42,iqr_Clean_nsl_kdd_full_dataset,ctgan_filtered,tune_hgb,1.0,1.0,1.0,1.0,1.0,1.0,1.0,0.99,1.0,1.0,1.0,0.99,0.99
42-iqr_Clean_nsl_kdd_full_dataset-ctgan_filtered-xgboost.txt,42,iqr_Clean_nsl_kdd_full_dataset,ctgan_filtered,xgboost,1.0,1.0,1.0,1.0,1.0,1.0,1.0,0.99,1.0,1.0,1.0,0.99,1.0
42-iqr_Clean_nsl_kdd_full_dataset-gan_from_tutorial-random_forest.txt,42,iqr_Clean_nsl_kdd_full_dataset,gan_from_tutorial,random_forest,1.0,1.0,0.99,1.0,1.0,1.0,1.0,0.99,1.0,1.0,1.0,0.99,0.99
42-iqr_Clean_nsl_kdd_full_dataset-gan_from_tutorial-tune_hgb.txt,42,iqr_Clean_nsl_kdd_full_dataset,gan_from_tutorial,tune_hgb,0.99,0.99,0.99,0.99,0.99,0.99,0.99,0.99,1.0,0.99,1.0,0.99,0.99
42-iqr_Clean_nsl_kdd_full_dataset-gan_from_tutorial-xgboost.txt,42,iqr_Clean_nsl_kdd_full_dataset,gan_from_tutorial,xgboost,1.0,1.0,1.0,1.0,1.0,1.0,1.0,0.99,1.0,1.0,1.0,0.99,1.0
42-iqr_Clean_nsl_kdd_full_dataset-gan_from_tutorial_filtered-random_forest.txt,42,iqr_Clean_nsl_kdd_full_dataset,gan_from_tutorial_filtered,random_forest,1.0,1.0,1.0,1.0,1.0,1.0,1.0,1.0,1.0,1.0,1.0,0.99,0.99
42-iqr_Clean_nsl_kdd_full_dataset-gan_from_tutorial_filtered-tune_hgb.txt,42,iqr_Clean_nsl_kdd_full_dataset,gan_from_tutorial_filtered,tune_hgb,1.0,1.0,1.0,1.0,1.0,1.0,1.0,0.99,1.0,1.0,1.0,0.99,1.0
42-iqr_Clean_nsl_kdd_full_dataset-gan_from_tutorial_filtered-xgboost.txt,42,iqr_Clean_nsl_kdd_full_dataset,gan_from_tutorial_filtered,xgboost,1.0,1.0,1.0,1.0,1.0,1.0,1.0,1.0,1.0,1.0,1.0,0.99,1.0
42-iqr_Clean_nsl_kdd_full_dataset-gan_paper_2-random_forest.txt,42,iqr_Clean_nsl_kdd_full_dataset,gan_paper_2,random_forest,0.99,0.99,0.99,0.99,0.99,0.99,0.99,0.99,1.0,1.0,1.0,0.99,0.99
42-iqr_Clean_nsl_kdd_full_dataset-gan_paper_2-tune_hgb.txt,42,iqr_Clean_nsl_kdd_full_dataset,gan_paper_2,tune_hgb,1.0,1.0,1.0,1.0,1.0,1.0,1.0,0.99,1.0,1.0,1.0,0.99,0.99
42-iqr_Clean_nsl_kdd_full_dataset-gan_paper_2-xgboost.txt,42,iqr_Clean_nsl_kdd_full_dataset,gan_paper_2,xgboost,1.0,1.0,1.0,1.0,1.0,1.0,1.0,0.99,1.0,1.0,1.0,0.99,1.0
42-iqr_Clean_nsl_kdd_full_dataset-gan_paper_2_filtered-random_forest.txt,42,iqr_Clean_nsl_kdd_full_dataset,gan_paper_2_filtered,random_forest,1.0,1.0,1.0,1.0,1.0,1.0,1.0,1.0,1.0,1.0,1.0,0.99,1.0
42-iqr_Clean_nsl_kdd_full_dataset-gan_paper_2_filtered-tune_hgb.txt,42,iqr_Clean_nsl_kdd_full_dataset,gan_paper_2_filtered,tune_hgb,1.0,1.0,1.0,1.0,1.0,1.0,1.0,0.99,1.0,1.0,1.0,0.99,0.99
42-iqr_Clean_nsl_kdd_full_dataset-gan_paper_2_filtered-xgboost.txt,42,iqr_Clean_nsl_kdd_full_dataset,gan_paper_2_filtered,xgboost,1.0,1.0,1.0,1.0,1.0,1.0,1.0,1.0,1.0,1.0,1.0,0.99,1.0
42-iqr_Clean_nsl_kdd_full_dataset-smote-random_forest.txt,42,iqr_Clean_nsl_kdd_full_dataset,smote,random_forest,1.0,1.0,1.0,1.0,1.0,1.0,1.0,0.99,1.0,1.0,1.0,0.99,0.99
42-iqr_Clean_nsl_kdd_full_dataset-smote-tune_hgb.txt,42,iqr_Clean_nsl_kdd_full_dataset,smote,tune_hgb,1.0,1.0,1.0,1.0,1.0,1.0,1.0,0.99,1.0,1.0,1.0,0.99,1.0
42-iqr_Clean_nsl_kdd_full_dataset-smote-xgboost.txt,42,iqr_Clean_nsl_kdd_full_dataset,smote,xgboost,1.0,1.0,1.0,1.0,1.0,1.0,1.0,1.0,1.0,1.0,1.0,0.99,1.0
42-iqr_Clean_nsl_kdd_full_dataset-smote_filtered-random_forest.txt,42,iqr_Clean_nsl_kdd_full_dataset,smote_filtered,random_forest,1.0,1.0,1.0,1.0,1.0,1.0,1.0,0.99,1.0,1.0,1.0,0.99,1.0
42-iqr_Clean_nsl_kdd_full_dataset-smote_filtered-tune_hgb.txt,42,iqr_Clean_nsl_kdd_full_dataset,smote_filtered,tune_hgb,0.99,0.99,0.99,0.99,0.99,0.99,0.99,0.99,1.0,1.0,1.0,0.99,0.99
42-iqr_Clean_nsl_kdd_full_dataset-smote_filtered-xgboost.txt,42,iqr_Clean_nsl_kdd_full_dataset,smote_filtered,xgboost,1.0,1.0,1.0,1.0,1.0,1.0,1.0,1.0,1.0,1.0,1.0,0.99,1.0
42-iqr_Clean_nsl_kdd_full_dataset-smotified_gan-random_forest.txt,42,iqr_Clean_nsl_kdd_full_dataset,smotified_gan,random_forest,0.99,0.99,0.99,0.99,0.99,0.99,0.99,0.99,1.0,1.0,1.0,0.99,0.99
42-iqr_Clean_nsl_kdd_full_dataset-smotified_gan-tune_hgb.txt,42,iqr_Clean_nsl_kdd_full_dataset,smotified_gan,tune_hgb,1.0,1.0,1.0,1.0,1.0,1.0,1.0,0.99,1.0,1.0,1.0,0.99,0.99
42-iqr_Clean_nsl_kdd_full_dataset-smotified_gan-xgboost.txt,42,iqr_Clean_nsl_kdd_full_dataset,smotified_gan,xgboost,1.0,1.0,1.0,1.0,1.0,1.0,1.0,1.0,1.0,1.0,1.0,0.99,1.0
42-iqr_Clean_nsl_kdd_full_dataset-smotified_gan_filtered-random_forest.txt,42,iqr_Clean_nsl_kdd_full_dataset,smotified_gan_filtered,random_forest,1.0,1.0,1.0,1.0,1.0,1.0,1.0,0.99,1.0,1.0,1.0,0.99,0.99
42-iqr_Clean_nsl_kdd_full_dataset-smotified_gan_filtered-tune_hgb.txt,42,iqr_Clean_nsl_kdd_full_dataset,smotified_gan_filtered,tune_hgb,1.0,1.0,1.0,1.0,1.0,1.0,1.0,0.99,1.0,1.0,1.0,0.99,0.99
42-iqr_Clean_nsl_kdd_full_dataset-smotified_gan_filtered-xgboost.txt,42,iqr_Clean_nsl_kdd_full_dataset,smotified_gan_filtered,xgboost,1.0,1.0,1.0,1.0,1.0,1.0,1.0,1.0,1.0,1.0,1.0,0.99,1.0
42-iqr_Clean_nsl_kdd_full_dataset-wgangp-random_forest.txt,42,iqr_Clean_nsl_kdd_full_dataset,wgangp,random_forest,1.0,1.0,0.99,1.0,1.0,1.0,1.0,0.99,1.0,1.0,1.0,0.99,0.99
42-iqr_Clean_nsl_kdd_full_dataset-wgangp-tune_hgb.txt,42,iqr_Clean_nsl_kdd_full_dataset,wgangp,tune_hgb,1.0,1.0,1.0,1.0,1.0,1.0,1.0,0.99,1.0,1.0,1.0,0.99,0.99
42-iqr_Clean_nsl_kdd_full_dataset-wgangp-xgboost.txt,42,iqr_Clean_nsl_kdd_full_dataset,wgangp,xgboost,1.0,1.0,1.0,1.0,1.0,1.0,1.0,1.0,1.0,1.0,1.0,0.99,1.0
42-iqr_Clean_nsl_kdd_full_dataset-wgangp_filtered-random_forest.txt,42,iqr_Clean_nsl_kdd_full_dataset,wgangp_filtered,random_forest,1.0,1.0,1.0,1.0,1.0,1.0,1.0,1.0,1.0,1.0,1.0,0.99,1.0
42-iqr_Clean_nsl_kdd_full_dataset-wgangp_filtered-tune_hgb.txt,42,iqr_Clean_nsl_kdd_full_dataset,wgangp_filtered,tune_hgb,0.99,0.99,0.99,0.99,0.99,0.99,0.99,0.99,1.0,1.0,1.0,0.99,0.99
42-iqr_Clean_nsl_kdd_full_dataset-wgangp_filtered-xgboost.txt,42,iqr_Clean_nsl_kdd_full_dataset,wgangp_filtered,xgboost,1.0,1.0,1.0,1.0,1.0,1.0,1.0,1.0,1.0,1.0,1.0,0.99,1.0
42-iqr_Clean_pimadiabetes-baseline-lightgbm.txt,42,iqr_Clean_pimadiabetes,baseline,lightgbm,0.75,0.73,0.72,0.72,0.75,0.75,0.75,0.8,0.83,0.81,0.66,0.6,0.63
42-iqr_Clean_pimadiabetes-baseline-random_forest.txt,42,iqr_Clean_pimadiabetes,baseline,random_forest,0.77,0.76,0.72,0.73,0.77,0.77,0.76,0.79,0.89,0.83,0.73,0.56,0.63
42-iqr_Clean_pimadiabetes-baseline-tune_hgb.txt,42,iqr_Clean_pimadiabetes,baseline,tune_hgb,0.75,0.74,0.7,0.71,0.75,0.75,0.74,0.77,0.89,0.82,0.71,0.51,0.59
42-iqr_Clean_pimadiabetes-baseline-xgboost.txt,42,iqr_Clean_pimadiabetes,baseline,xgboost,0.74,0.72,0.7,0.7,0.74,0.74,0.74,0.77,0.86,0.81,0.67,0.53,0.59
42-iqr_Clean_pimadiabetes-ctgan-lightgbm.txt,42,iqr_Clean_pimadiabetes,ctgan,lightgbm,0.72,0.69,0.69,0.69,0.72,0.72,0.72,0.78,0.79,0.78,0.6,0.59,0.6
42-iqr_Clean_pimadiabetes-ctgan-random_forest.txt,42,iqr_Clean_pimadiabetes,ctgan,random_forest,0.76,0.73,0.73,0.73,0.75,0.76,0.76,0.8,0.83,0.82,0.67,0.62,0.64
42-iqr_Clean_pimadiabetes-ctgan-tune_hgb.txt,42,iqr_Clean_pimadiabetes,ctgan,tune_hgb,0.73,0.76,0.63,0.63,0.75,0.73,0.69,0.72,0.96,0.82,0.81,0.31,0.45
42-iqr_Clean_pimadiabetes-ctgan-xgboost.txt,42,iqr_Clean_pimadiabetes,ctgan,xgboost,0.71,0.69,0.69,0.69,0.71,0.71,0.71,0.78,0.78,0.78,0.59,0.59,0.59
42-iqr_Clean_pimadiabetes-ctgan_filtered-lightgbm.txt,42,iqr_Clean_pimadiabetes,ctgan_filtered,lightgbm,0.72,0.7,0.69,0.69,0.72,0.72,0.72,0.78,0.79,0.79,0.61,0.59,0.6
42-iqr_Clean_pimadiabetes-ctgan_filtered-random_forest.txt,42,iqr_Clean_pimadiabetes,ctgan_filtered,random_forest,0.77,0.75,0.73,0.74,0.77,0.77,0.77,0.8,0.86,0.83,0.7,0.6,0.65
42-iqr_Clean_pimadiabetes-ctgan_filtered-tune_hgb.txt,42,iqr_Clean_pimadiabetes,ctgan_filtered,tune_hgb,0.73,0.7,0.68,0.69,0.72,0.73,0.72,0.77,0.83,0.8,0.63,0.54,0.58
42-iqr_Clean_pimadiabetes-ctgan_filtered-xgboost.txt,42,iqr_Clean_pimadiabetes,ctgan_filtered,xgboost,0.72,0.69,0.68,0.68,0.71,0.72,0.71,0.76,0.82,0.79,0.61,0.53,0.57
42-iqr_Clean_pimadiabetes-gan_from_tutorial-random_forest.txt,42,iqr_Clean_pimadiabetes,gan_from_tutorial,random_forest,0.77,0.74,0.73,0.74,0.76,0.77,0.76,0.8,0.85,0.82,0.68,0.62,0.65
42-iqr_Clean_pimadiabetes-gan_from_tutorial-tune_hgb.txt,42,iqr_Clean_pimadiabetes,gan_from_tutorial,tune_hgb,0.72,0.69,0.68,0.68,0.71,0.72,0.71,0.76,0.82,0.79,0.61,0.53,0.57
42-iqr_Clean_pimadiabetes-gan_from_tutorial-xgboost.txt,42,iqr_Clean_pimadiabetes,gan_from_tutorial,xgboost,0.74,0.71,0.69,0.7,0.73,0.74,0.73,0.77,0.84,0.81,0.65,0.54,0.59
42-iqr_Clean_pimadiabetes-gan_from_tutorial_filtered-random_forest.txt,42,iqr_Clean_pimadiabetes,gan_from_tutorial_filtered,random_forest,0.77,0.74,0.75,0.75,0.77,0.77,0.77,0.83,0.8,0.82,0.66,0.7,0.68
42-iqr_Clean_pimadiabetes-gan_from_tutorial_filtered-tune_hgb.txt,42,iqr_Clean_pimadiabetes,gan_from_tutorial_filtered,tune_hgb,0.75,0.74,0.76,0.74,0.78,0.75,0.76,0.87,0.73,0.79,0.61,0.8,0.7
42-iqr_Clean_pimadiabetes-gan_from_tutorial_filtered-xgboost.txt,42,iqr_Clean_pimadiabetes,gan_from_tutorial_filtered,xgboost,0.75,0.73,0.73,0.73,0.76,0.75,0.75,0.82,0.8,0.81,0.64,0.67,0.65
42-iqr_Clean_pimadiabetes-gan_paper_2-random_forest.txt,42,iqr_Clean_pimadiabetes,gan_paper_2,random_forest,0.77,0.75,0.75,0.75,0.77,0.77,0.77,0.82,0.83,0.83,0.68,0.67,0.68
42-iqr_Clean_pimadiabetes-gan_paper_2-tune_hgb.txt,42,iqr_Clean_pimadiabetes,gan_paper_2,tune_hgb,0.73,0.7,0.7,0.7,0.73,0.73,0.73,0.79,0.81,0.8,0.62,0.59,0.61
42-iqr_Clean_pimadiabetes-gan_paper_2-xgboost.txt,42,iqr_Clean_pimadiabetes,gan_paper_2,xgboost,0.76,0.74,0.73,0.73,0.76,0.76,0.76,0.8,0.85,0.82,0.68,0.6,0.64
42-iqr_Clean_pimadiabetes-gan_paper_2_filtered-random_forest.txt,42,iqr_Clean_pimadiabetes,gan_paper_2_filtered,random_forest,0.79,0.77,0.76,0.76,0.79,0.79,0.79,0.83,0.85,0.84,0.71,0.67,0.69
42-iqr_Clean_pimadiabetes-gan_paper_2_filtered-tune_hgb.txt,42,iqr_Clean_pimadiabetes,gan_paper_2_filtered,tune_hgb,0.71,0.69,0.68,0.68,0.71,0.71,0.71,0.77,0.79,0.78,0.6,0.57,0.58
42-iqr_Clean_pimadiabetes-gan_paper_2_filtered-xgboost.txt,42,iqr_Clean_pimadiabetes,gan_paper_2_filtered,xgboost,0.74,0.72,0.71,0.71,0.74,0.74,0.74,0.79,0.83,0.81,0.65,0.59,0.62
42-iqr_Clean_pimadiabetes-smote-random_forest.txt,42,iqr_Clean_pimadiabetes,smote,random_forest,0.78,0.76,0.77,0.77,0.79,0.78,0.79,0.85,0.81,0.83,0.68,0.73,0.7
42-iqr_Clean_pimadiabetes-smote-tune_hgb.txt,42,iqr_Clean_pimadiabetes,smote,tune_hgb,0.7,0.71,0.6,0.59,0.7,0.7,0.65,0.7,0.95,0.8,0.71,0.25,0.37
42-iqr_Clean_pimadiabetes-smote-xgboost.txt,42,iqr_Clean_pimadiabetes,smote,xgboost,0.76,0.73,0.73,0.73,0.76,0.76,0.76,0.81,0.82,0.81,0.66,0.64,0.65
42-iqr_Clean_pimadiabetes-smote_filtered-random_forest.txt,42,iqr_Clean_pimadiabetes,smote_filtered,random_forest,0.77,0.75,0.76,0.75,0.77,0.77,0.77,0.83,0.81,0.82,0.66,0.7,0.68
42-iqr_Clean_pimadiabetes-smote_filtered-tune_hgb.txt,42,iqr_Clean_pimadiabetes,smote_filtered,tune_hgb,0.7,0.71,0.6,0.59,0.7,0.7,0.65,0.7,0.95,0.8,0.71,0.25,0.37
42-iqr_Clean_pimadiabetes-smote_filtered-xgboost.txt,42,iqr_Clean_pimadiabetes,smote_filtered,xgboost,0.73,0.7,0.69,0.7,0.72,0.73,0.73,0.78,0.81,0.79,0.62,0.58,0.6
42-iqr_Clean_pimadiabetes-smotified_gan-random_forest.txt,42,iqr_Clean_pimadiabetes,smotified_gan,random_forest,0.78,0.76,0.74,0.75,0.78,0.78,0.78,0.81,0.86,0.83,0.71,0.63,0.67
42-iqr_Clean_pimadiabetes-smotified_gan-tune_hgb.txt,42,iqr_Clean_pimadiabetes,smotified_gan,tune_hgb,0.69,0.66,0.66,0.66,0.69,0.69,0.69,0.76,0.77,0.76,0.56,0.56,0.56
42-iqr_Clean_pimadiabetes-smotified_gan-xgboost.txt,42,iqr_Clean_pimadiabetes,smotified_gan,xgboost,0.73,0.7,0.68,0.69,0.72,0.73,0.72,0.77,0.83,0.8,0.63,0.53,0.58
42-iqr_Clean_pimadiabetes-smotified_gan_filtered-random_forest.txt,42,iqr_Clean_pimadiabetes,smotified_gan_filtered,random_forest,0.76,0.74,0.73,0.73,0.76,0.76,0.76,0.8,0.85,0.82,0.68,0.6,0.64
42-iqr_Clean_pimadiabetes-smotified_gan_filtered-tune_hgb.txt,42,iqr_Clean_pimadiabetes,smotified_gan_filtered,tune_hgb,0.75,0.73,0.72,0.72,0.75,0.75,0.75,0.8,0.83,0.81,0.66,0.6,0.63
42-iqr_Clean_pimadiabetes-smotified_gan_filtered-xgboost.txt,42,iqr_Clean_pimadiabetes,smotified_gan_filtered,xgboost,0.74,0.71,0.69,0.69,0.73,0.74,0.73,0.77,0.85,0.81,0.66,0.52,0.58
42-iqr_Clean_pimadiabetes-wgangp-random_forest.txt,42,iqr_Clean_pimadiabetes,wgangp,random_forest,0.75,0.72,0.72,0.72,0.75,0.75,0.75,0.8,0.82,0.81,0.65,0.62,0.63
42-iqr_Clean_pimadiabetes-wgangp-tune_hgb.txt,42,iqr_Clean_pimadiabetes,wgangp,tune_hgb,0.75,0.73,0.73,0.73,0.75,0.75,0.75,0.81,0.81,0.81,0.65,0.64,0.65
42-iqr_Clean_pimadiabetes-wgangp-xgboost.txt,42,iqr_Clean_pimadiabetes,wgangp,xgboost,0.74,0.71,0.7,0.7,0.73,0.74,0.73,0.78,0.84,0.81,0.65,0.56,0.6
42-iqr_Clean_pimadiabetes-wgangp_filtered-random_forest.txt,42,iqr_Clean_pimadiabetes,wgangp_filtered,random_forest,0.78,0.76,0.74,0.75,0.77,0.78,0.78,0.81,0.87,0.84,0.71,0.62,0.66
42-iqr_Clean_pimadiabetes-wgangp_filtered-tune_hgb.txt,42,iqr_Clean_pimadiabetes,wgangp_filtered,tune_hgb,0.75,0.73,0.73,0.73,0.75,0.75,0.75,0.81,0.81,0.81,0.65,0.64,0.65
42-iqr_Clean_pimadiabetes-wgangp_filtered-xgboost.txt,42,iqr_Clean_pimadiabetes,wgangp_filtered,xgboost,0.73,0.7,0.7,0.7,0.73,0.73,0.73,0.79,0.81,0.8,0.62,0.59,0.61
42-iqr_Clean_shuttle_full_dataset-baseline-lightgbm.txt,42,iqr_Clean_shuttle_full_dataset,baseline,lightgbm,1.0,1.0,1.0,1.0,1.0,1.0,1.0,1.0,1.0,1.0,1.0,1.0,1.0
42-iqr_Clean_shuttle_full_dataset-baseline-random_forest.txt,42,iqr_Clean_shuttle_full_dataset,baseline,random_forest,1.0,1.0,1.0,1.0,1.0,1.0,1.0,1.0,1.0,1.0,1.0,1.0,1.0
42-iqr_Clean_shuttle_full_dataset-baseline-tune_hgb.txt,42,iqr_Clean_shuttle_full_dataset,baseline,tune_hgb,1.0,1.0,1.0,1.0,1.0,1.0,1.0,1.0,1.0,1.0,1.0,1.0,1.0
42-iqr_Clean_shuttle_full_dataset-baseline-xgboost.txt,42,iqr_Clean_shuttle_full_dataset,baseline,xgboost,1.0,1.0,1.0,1.0,1.0,1.0,1.0,1.0,1.0,1.0,1.0,1.0,1.0
42-iqr_Clean_shuttle_full_dataset-ctgan-lightgbm.txt,42,iqr_Clean_shuttle_full_dataset,ctgan,lightgbm,1.0,1.0,1.0,1.0,1.0,1.0,1.0,1.0,1.0,1.0,1.0,1.0,1.0
42-iqr_Clean_shuttle_full_dataset-ctgan-random_forest.txt,42,iqr_Clean_shuttle_full_dataset,ctgan,random_forest,1.0,1.0,1.0,1.0,1.0,1.0,1.0,1.0,1.0,1.0,1.0,1.0,1.0
42-iqr_Clean_shuttle_full_dataset-ctgan-tune_hgb.txt,42,iqr_Clean_shuttle_full_dataset,ctgan,tune_hgb,1.0,1.0,1.0,1.0,1.0,1.0,1.0,1.0,1.0,1.0,1.0,1.0,1.0
42-iqr_Clean_shuttle_full_dataset-ctgan-xgboost.txt,42,iqr_Clean_shuttle_full_dataset,ctgan,xgboost,1.0,1.0,1.0,1.0,1.0,1.0,1.0,1.0,1.0,1.0,1.0,1.0,1.0
42-iqr_Clean_shuttle_full_dataset-ctgan_filtered-lightgbm.txt,42,iqr_Clean_shuttle_full_dataset,ctgan_filtered,lightgbm,1.0,1.0,1.0,1.0,1.0,1.0,1.0,1.0,1.0,1.0,1.0,1.0,1.0
42-iqr_Clean_shuttle_full_dataset-ctgan_filtered-random_forest.txt,42,iqr_Clean_shuttle_full_dataset,ctgan_filtered,random_forest,1.0,1.0,1.0,1.0,1.0,1.0,1.0,1.0,1.0,1.0,1.0,1.0,1.0
42-iqr_Clean_shuttle_full_dataset-ctgan_filtered-tune_hgb.txt,42,iqr_Clean_shuttle_full_dataset,ctgan_filtered,tune_hgb,1.0,1.0,1.0,1.0,1.0,1.0,1.0,1.0,1.0,1.0,1.0,1.0,1.0
42-iqr_Clean_shuttle_full_dataset-ctgan_filtered-xgboost.txt,42,iqr_Clean_shuttle_full_dataset,ctgan_filtered,xgboost,1.0,1.0,1.0,1.0,1.0,1.0,1.0,1.0,1.0,1.0,1.0,1.0,1.0
42-iqr_Clean_shuttle_full_dataset-gan_from_tutorial-random_forest.txt,42,iqr_Clean_shuttle_full_dataset,gan_from_tutorial,random_forest,1.0,1.0,1.0,1.0,1.0,1.0,1.0,1.0,1.0,1.0,1.0,1.0,1.0
42-iqr_Clean_shuttle_full_dataset-gan_from_tutorial-tune_hgb.txt,42,iqr_Clean_shuttle_full_dataset,gan_from_tutorial,tune_hgb,1.0,1.0,1.0,1.0,1.0,1.0,1.0,1.0,1.0,1.0,1.0,1.0,1.0
42-iqr_Clean_shuttle_full_dataset-gan_from_tutorial-xgboost.txt,42,iqr_Clean_shuttle_full_dataset,gan_from_tutorial,xgboost,1.0,1.0,1.0,1.0,1.0,1.0,1.0,1.0,1.0,1.0,1.0,1.0,1.0
42-iqr_Clean_shuttle_full_dataset-gan_from_tutorial_filtered-random_forest.txt,42,iqr_Clean_shuttle_full_dataset,gan_from_tutorial_filtered,random_forest,1.0,1.0,1.0,1.0,1.0,1.0,1.0,1.0,1.0,1.0,1.0,1.0,1.0
42-iqr_Clean_shuttle_full_dataset-gan_from_tutorial_filtered-tune_hgb.txt,42,iqr_Clean_shuttle_full_dataset,gan_from_tutorial_filtered,tune_hgb,1.0,1.0,1.0,1.0,1.0,1.0,1.0,1.0,1.0,1.0,1.0,1.0,1.0
42-iqr_Clean_shuttle_full_dataset-gan_from_tutorial_filtered-xgboost.txt,42,iqr_Clean_shuttle_full_dataset,gan_from_tutorial_filtered,xgboost,1.0,1.0,1.0,1.0,1.0,1.0,1.0,1.0,1.0,1.0,1.0,1.0,1.0
42-iqr_Clean_shuttle_full_dataset-gan_paper_2-random_forest.txt,42,iqr_Clean_shuttle_full_dataset,gan_paper_2,random_forest,1.0,1.0,1.0,1.0,1.0,1.0,1.0,1.0,1.0,1.0,1.0,1.0,1.0
42-iqr_Clean_shuttle_full_dataset-gan_paper_2-tune_hgb.txt,42,iqr_Clean_shuttle_full_dataset,gan_paper_2,tune_hgb,1.0,1.0,1.0,1.0,1.0,1.0,1.0,1.0,1.0,1.0,1.0,1.0,1.0
42-iqr_Clean_shuttle_full_dataset-gan_paper_2-xgboost.txt,42,iqr_Clean_shuttle_full_dataset,gan_paper_2,xgboost,1.0,1.0,1.0,1.0,1.0,1.0,1.0,1.0,1.0,1.0,1.0,1.0,1.0
42-iqr_Clean_shuttle_full_dataset-gan_paper_2_filtered-random_forest.txt,42,iqr_Clean_shuttle_full_dataset,gan_paper_2_filtered,random_forest,1.0,1.0,1.0,1.0,1.0,1.0,1.0,1.0,1.0,1.0,1.0,1.0,1.0
42-iqr_Clean_shuttle_full_dataset-gan_paper_2_filtered-tune_hgb.txt,42,iqr_Clean_shuttle_full_dataset,gan_paper_2_filtered,tune_hgb,1.0,1.0,1.0,1.0,1.0,1.0,1.0,1.0,1.0,1.0,1.0,1.0,1.0
42-iqr_Clean_shuttle_full_dataset-gan_paper_2_filtered-xgboost.txt,42,iqr_Clean_shuttle_full_dataset,gan_paper_2_filtered,xgboost,1.0,1.0,1.0,1.0,1.0,1.0,1.0,1.0,1.0,1.0,1.0,1.0,1.0
42-iqr_Clean_shuttle_full_dataset-smote-random_forest.txt,42,iqr_Clean_shuttle_full_dataset,smote,random_forest,1.0,1.0,1.0,1.0,1.0,1.0,1.0,1.0,1.0,1.0,1.0,1.0,1.0
42-iqr_Clean_shuttle_full_dataset-smote-tune_hgb.txt,42,iqr_Clean_shuttle_full_dataset,smote,tune_hgb,1.0,1.0,1.0,1.0,1.0,1.0,1.0,1.0,1.0,1.0,1.0,1.0,1.0
42-iqr_Clean_shuttle_full_dataset-smote-xgboost.txt,42,iqr_Clean_shuttle_full_dataset,smote,xgboost,1.0,1.0,1.0,1.0,1.0,1.0,1.0,1.0,1.0,1.0,1.0,1.0,1.0
42-iqr_Clean_shuttle_full_dataset-smote_filtered-random_forest.txt,42,iqr_Clean_shuttle_full_dataset,smote_filtered,random_forest,1.0,1.0,1.0,1.0,1.0,1.0,1.0,1.0,1.0,1.0,1.0,1.0,1.0
42-iqr_Clean_shuttle_full_dataset-smote_filtered-tune_hgb.txt,42,iqr_Clean_shuttle_full_dataset,smote_filtered,tune_hgb,1.0,1.0,1.0,1.0,1.0,1.0,1.0,1.0,1.0,1.0,1.0,1.0,1.0
42-iqr_Clean_shuttle_full_dataset-smote_filtered-xgboost.txt,42,iqr_Clean_shuttle_full_dataset,smote_filtered,xgboost,1.0,1.0,1.0,1.0,1.0,1.0,1.0,1.0,1.0,1.0,1.0,1.0,1.0
42-iqr_Clean_shuttle_full_dataset-smotified_gan-random_forest.txt,42,iqr_Clean_shuttle_full_dataset,smotified_gan,random_forest,1.0,1.0,1.0,1.0,1.0,1.0,1.0,1.0,1.0,1.0,1.0,1.0,1.0
42-iqr_Clean_shuttle_full_dataset-smotified_gan-tune_hgb.txt,42,iqr_Clean_shuttle_full_dataset,smotified_gan,tune_hgb,1.0,1.0,1.0,1.0,1.0,1.0,1.0,1.0,1.0,1.0,1.0,1.0,1.0
42-iqr_Clean_shuttle_full_dataset-smotified_gan-xgboost.txt,42,iqr_Clean_shuttle_full_dataset,smotified_gan,xgboost,1.0,1.0,1.0,1.0,1.0,1.0,1.0,1.0,1.0,1.0,1.0,1.0,1.0
42-iqr_Clean_shuttle_full_dataset-smotified_gan_filtered-random_forest.txt,42,iqr_Clean_shuttle_full_dataset,smotified_gan_filtered,random_forest,1.0,1.0,1.0,1.0,1.0,1.0,1.0,1.0,1.0,1.0,1.0,1.0,1.0
42-iqr_Clean_shuttle_full_dataset-smotified_gan_filtered-tune_hgb.txt,42,iqr_Clean_shuttle_full_dataset,smotified_gan_filtered,tune_hgb,1.0,1.0,1.0,1.0,1.0,1.0,1.0,1.0,1.0,1.0,1.0,1.0,1.0
42-iqr_Clean_shuttle_full_dataset-smotified_gan_filtered-xgboost.txt,42,iqr_Clean_shuttle_full_dataset,smotified_gan_filtered,xgboost,1.0,1.0,1.0,1.0,1.0,1.0,1.0,1.0,1.0,1.0,1.0,1.0,1.0
42-iqr_Clean_shuttle_full_dataset-wgangp-random_forest.txt,42,iqr_Clean_shuttle_full_dataset,wgangp,random_forest,1.0,1.0,1.0,1.0,1.0,1.0,1.0,1.0,1.0,1.0,1.0,1.0,1.0
42-iqr_Clean_shuttle_full_dataset-wgangp-tune_hgb.txt,42,iqr_Clean_shuttle_full_dataset,wgangp,tune_hgb,1.0,1.0,1.0,1.0,1.0,1.0,1.0,1.0,1.0,1.0,1.0,1.0,1.0
42-iqr_Clean_shuttle_full_dataset-wgangp-xgboost.txt,42,iqr_Clean_shuttle_full_dataset,wgangp,xgboost,1.0,1.0,1.0,1.0,1.0,1.0,1.0,1.0,1.0,1.0,1.0,1.0,1.0
42-iqr_Clean_shuttle_full_dataset-wgangp_filtered-random_forest.txt,42,iqr_Clean_shuttle_full_dataset,wgangp_filtered,random_forest,1.0,1.0,1.0,1.0,1.0,1.0,1.0,1.0,1.0,1.0,1.0,1.0,1.0
42-iqr_Clean_shuttle_full_dataset-wgangp_filtered-tune_hgb.txt,42,iqr_Clean_shuttle_full_dataset,wgangp_filtered,tune_hgb,1.0,1.0,1.0,1.0,1.0,1.0,1.0,1.0,1.0,1.0,1.0,1.0,1.0
42-iqr_Clean_shuttle_full_dataset-wgangp_filtered-xgboost.txt,42,iqr_Clean_shuttle_full_dataset,wgangp_filtered,xgboost,1.0,1.0,1.0,1.0,1.0,1.0,1.0,1.0,1.0,1.0,1.0,1.0,1.0
42-iqr_Clean_Titanic-Dataset-baseline-lightgbm.txt,42,iqr_Clean_Titanic,Dataset,baseline-lightgbm,0.82,0.82,0.79,0.8,0.82,0.82,0.81,0.81,0.92,0.86,0.83,0.66,0.74
42-iqr_Clean_Titanic-Dataset-baseline-random_forest.txt,42,iqr_Clean_Titanic,Dataset,baseline-random_forest,0.77,0.76,0.74,0.75,0.77,0.77,0.77,0.79,0.85,0.82,0.73,0.64,0.68
42-iqr_Clean_Titanic-Dataset-baseline-tune_hgb.txt,42,iqr_Clean_Titanic,Dataset,baseline-tune_hgb,0.81,0.81,0.78,0.79,0.81,0.81,0.81,0.81,0.9,0.85,0.8,0.67,0.73
42-iqr_Clean_Titanic-Dataset-baseline-xgboost.txt,42,iqr_Clean_Titanic,Dataset,baseline-xgboost,0.8,0.8,0.77,0.78,0.8,0.8,0.79,0.8,0.89,0.84,0.79,0.65,0.71
42-iqr_Clean_Titanic-Dataset-ctgan-lightgbm.txt,42,iqr_Clean_Titanic,Dataset,ctgan-lightgbm,0.78,0.77,0.75,0.76,0.77,0.78,0.77,0.8,0.85,0.82,0.73,0.66,0.69
42-iqr_Clean_Titanic-Dataset-ctgan-random_forest.txt,42,iqr_Clean_Titanic,Dataset,ctgan-random_forest,0.79,0.78,0.77,0.77,0.79,0.79,0.79,0.81,0.86,0.84,0.75,0.68,0.71
42-iqr_Clean_Titanic-Dataset-ctgan-tune_hgb.txt,42,iqr_Clean_Titanic,Dataset,ctgan-tune_hgb,0.79,0.78,0.77,0.77,0.79,0.79,0.79,0.8,0.87,0.84,0.76,0.66,0.71
42-iqr_Clean_Titanic-Dataset-ctgan-xgboost.txt,42,iqr_Clean_Titanic,Dataset,ctgan-xgboost,0.8,0.8,0.77,0.78,0.8,0.8,0.8,0.8,0.9,0.85,0.8,0.64,0.71
42-iqr_Clean_Titanic-Dataset-ctgan_filtered-lightgbm.txt,42,iqr_Clean_Titanic,Dataset,ctgan_filtered-lightgbm,0.81,0.8,0.79,0.79,0.81,0.81,0.81,0.82,0.88,0.85,0.79,0.69,0.74
42-iqr_Clean_Titanic-Dataset-ctgan_filtered-random_forest.txt,42,iqr_Clean_Titanic,Dataset,ctgan_filtered-random_forest,0.79,0.78,0.76,0.77,0.79,0.79,0.78,0.8,0.87,0.83,0.76,0.65,0.7
42-iqr_Clean_Titanic-Dataset-ctgan_filtered-tune_hgb.txt,42,iqr_Clean_Titanic,Dataset,ctgan_filtered-tune_hgb,0.78,0.78,0.75,0.76,0.78,0.78,0.77,0.78,0.89,0.83,0.78,0.6,0.68
42-iqr_Clean_Titanic-Dataset-ctgan_filtered-xgboost.txt,42,iqr_Clean_Titanic,Dataset,ctgan_filtered-xgboost,0.79,0.78,0.76,0.77,0.79,0.79,0.78,0.8,0.87,0.83,0.76,0.65,0.7
42-iqr_Clean_Titanic-Dataset-gan_from_tutorial-random_forest.txt,42,iqr_Clean_Titanic,Dataset,gan_from_tutorial-random_forest,0.78,0.77,0.76,0.77,0.78,0.78,0.78,0.81,0.85,0.83,0.74,0.67,0.7
42-iqr_Clean_Titanic-Dataset-gan_from_tutorial-tune_hgb.txt,42,iqr_Clean_Titanic,Dataset,gan_from_tutorial-tune_hgb,0.81,0.82,0.78,0.79,0.82,0.81,0.81,0.8,0.93,0.86,0.84,0.63,0.72
42-iqr_Clean_Titanic-Dataset-gan_from_tutorial-xgboost.txt,42,iqr_Clean_Titanic,Dataset,gan_from_tutorial-xgboost,0.8,0.8,0.78,0.78,0.8,0.8,0.8,0.81,0.88,0.85,0.78,0.67,0.72
42-iqr_Clean_Titanic-Dataset-gan_from_tutorial_filtered-random_forest.txt,42,iqr_Clean_Titanic,Dataset,gan_from_tutorial_filtered-random_forest,0.78,0.76,0.77,0.77,0.78,0.78,0.78,0.83,0.79,0.81,0.69,0.75,0.72
42-iqr_Clean_Titanic-Dataset-gan_from_tutorial_filtered-tune_hgb.txt,42,iqr_Clean_Titanic,Dataset,gan_from_tutorial_filtered-tune_hgb,0.77,0.76,0.76,0.76,0.77,0.77,0.77,0.81,0.82,0.82,0.71,0.7,0.7
42-iqr_Clean_Titanic-Dataset-gan_from_tutorial_filtered-xgboost.txt,42,iqr_Clean_Titanic,Dataset,gan_from_tutorial_filtered-xgboost,0.81,0.8,0.79,0.79,0.8,0.81,0.8,0.82,0.87,0.85,0.77,0.7,0.73
42-iqr_Clean_Titanic-Dataset-gan_paper_2-random_forest.txt,42,iqr_Clean_Titanic,Dataset,gan_paper_2-random_forest,0.78,0.78,0.76,0.76,0.78,0.78,0.78,0.8,0.87,0.83,0.75,0.65,0.7
42-iqr_Clean_Titanic-Dataset-gan_paper_2-tune_hgb.txt,42,iqr_Clean_Titanic,Dataset,gan_paper_2-tune_hgb,0.79,0.78,0.76,0.77,0.79,0.79,0.78,0.79,0.88,0.84,0.77,0.63,0.7
42-iqr_Clean_Titanic-Dataset-gan_paper_2-xgboost.txt,42,iqr_Clean_Titanic,Dataset,gan_paper_2-xgboost,0.79,0.79,0.77,0.78,0.79,0.79,0.79,0.81,0.88,0.84,0.77,0.66,0.71
42-iqr_Clean_Titanic-Dataset-gan_paper_2_filtered-random_forest.txt,42,iqr_Clean_Titanic,Dataset,gan_paper_2_filtered-random_forest,0.78,0.77,0.77,0.77,0.78,0.78,0.78,0.81,0.84,0.83,0.73,0.69,0.71
42-iqr_Clean_Titanic-Dataset-gan_paper_2_filtered-tune_hgb.txt,42,iqr_Clean_Titanic,Dataset,gan_paper_2_filtered-tune_hgb,0.79,0.79,0.75,0.76,0.79,0.79,0.78,0.78,0.9,0.84,0.79,0.6,0.69
42-iqr_Clean_Titanic-Dataset-gan_paper_2_filtered-xgboost.txt,42,iqr_Clean_Titanic,Dataset,gan_paper_2_filtered-xgboost,0.79,0.79,0.77,0.78,0.79,0.79,0.79,0.8,0.88,0.84,0.78,0.65,0.71
42-iqr_Clean_Titanic-Dataset-smote-random_forest.txt,42,iqr_Clean_Titanic,Dataset,smote-random_forest,0.8,0.79,0.78,0.78,0.8,0.8,0.8,0.82,0.85,0.84,0.75,0.71,0.73
42-iqr_Clean_Titanic-Dataset-smote-tune_hgb.txt,42,iqr_Clean_Titanic,Dataset,smote-tune_hgb,0.78,0.77,0.76,0.77,0.78,0.78,0.78,0.81,0.84,0.82,0.72,0.69,0.71
42-iqr_Clean_Titanic-Dataset-smote-xgboost.txt,42,iqr_Clean_Titanic,Dataset,smote-xgboost,0.79,0.78,0.77,0.77,0.78,0.79,0.78,0.81,0.86,0.83,0.75,0.67,0.71
42-iqr_Clean_Titanic-Dataset-smote_filtered-random_forest.txt,42,iqr_Clean_Titanic,Dataset,smote_filtered-random_forest,0.78,0.77,0.76,0.77,0.78,0.78,0.78,0.81,0.85,0.83,0.74,0.68,0.71
42-iqr_Clean_Titanic-Dataset-smote_filtered-tune_hgb.txt,42,iqr_Clean_Titanic,Dataset,smote_filtered-tune_hgb,0.83,0.84,0.79,0.81,0.83,0.83,0.82,0.81,0.94,0.87,0.87,0.65,0.74
42-iqr_Clean_Titanic-Dataset-smote_filtered-xgboost.txt,42,iqr_Clean_Titanic,Dataset,smote_filtered-xgboost,0.79,0.79,0.77,0.78,0.79,0.79,0.79,0.8,0.88,0.84,0.78,0.65,0.71
42-iqr_Clean_Titanic-Dataset-smotified_gan-random_forest.txt,42,iqr_Clean_Titanic,Dataset,smotified_gan-random_forest,0.78,0.77,0.76,0.77,0.78,0.78,0.78,0.81,0.85,0.83,0.74,0.68,0.71
42-iqr_Clean_Titanic-Dataset-smotified_gan-tune_hgb.txt,42,iqr_Clean_Titanic,Dataset,smotified_gan-tune_hgb,0.79,0.79,0.76,0.77,0.79,0.79,0.78,0.79,0.9,0.84,0.8,0.61,0.69
42-iqr_Clean_Titanic-Dataset-smotified_gan-xgboost.txt,42,iqr_Clean_Titanic,Dataset,smotified_gan-xgboost,0.8,0.8,0.78,0.78,0.8,0.8,0.8,0.81,0.88,0.85,0.78,0.67,0.72
42-iqr_Clean_Titanic-Dataset-smotified_gan_filtered-random_forest.txt,42,iqr_Clean_Titanic,Dataset,smotified_gan_filtered-random_forest,0.81,0.8,0.8,0.8,0.81,0.81,0.81,0.84,0.87,0.85,0.77,0.73,0.75
42-iqr_Clean_Titanic-Dataset-smotified_gan_filtered-tune_hgb.txt,42,iqr_Clean_Titanic,Dataset,smotified_gan_filtered-tune_hgb,0.79,0.8,0.76,0.77,0.8,0.79,0.79,0.79,0.91,0.85,0.81,0.61,0.7
42-iqr_Clean_Titanic-Dataset-smotified_gan_filtered-xgboost.txt,42,iqr_Clean_Titanic,Dataset,smotified_gan_filtered-xgboost,0.8,0.8,0.78,0.78,0.8,0.8,0.8,0.81,0.89,0.85,0.79,0.66,0.72
42-iqr_Clean_Titanic-Dataset-wgangp-random_forest.txt,42,iqr_Clean_Titanic,Dataset,wgangp-random_forest,0.78,0.77,0.75,0.76,0.77,0.78,0.77,0.8,0.85,0.82,0.74,0.65,0.69
42-iqr_Clean_Titanic-Dataset-wgangp-tune_hgb.txt,42,iqr_Clean_Titanic,Dataset,wgangp-tune_hgb,0.79,0.8,0.76,0.77,0.8,0.79,0.79,0.79,0.91,0.85,0.81,0.61,0.7
42-iqr_Clean_Titanic-Dataset-wgangp-xgboost.txt,42,iqr_Clean_Titanic,Dataset,wgangp-xgboost,0.79,0.78,0.76,0.77,0.79,0.79,0.78,0.8,0.87,0.83,0.76,0.65,0.7
42-iqr_Clean_Titanic-Dataset-wgangp_filtered-random_forest.txt,42,iqr_Clean_Titanic,Dataset,wgangp_filtered-random_forest,0.78,0.77,0.77,0.77,0.78,0.78,0.78,0.81,0.84,0.83,0.73,0.69,0.71
42-iqr_Clean_Titanic-Dataset-wgangp_filtered-tune_hgb.txt,42,iqr_Clean_Titanic,Dataset,wgangp_filtered-tune_hgb,0.79,0.8,0.76,0.77,0.8,0.79,0.79,0.79,0.91,0.85,0.81,0.61,0.7
42-iqr_Clean_Titanic-Dataset-wgangp_filtered-xgboost.txt,42,iqr_Clean_Titanic,Dataset,wgangp_filtered-xgboost,0.79,0.79,0.76,0.77,0.79,0.79,0.79,0.8,0.88,0.84,0.77,0.65,0.71
42-iqr_Clean_weatherAUS-baseline-lightgbm.txt,42,iqr_Clean_weatherAUS,baseline,lightgbm,0.86,0.81,0.75,0.78,0.85,0.86,0.85,0.88,0.95,0.91,0.75,0.56,0.64
42-iqr_Clean_weatherAUS-baseline-random_forest.txt,42,iqr_Clean_weatherAUS,baseline,random_forest,0.85,0.82,0.72,0.76,0.85,0.85,0.84,0.87,0.96,0.91,0.77,0.49,0.6
42-iqr_Clean_weatherAUS-baseline-tune_hgb.txt,42,iqr_Clean_weatherAUS,baseline,tune_hgb,0.86,0.82,0.74,0.77,0.85,0.86,0.85,0.88,0.95,0.91,0.75,0.54,0.63
42-iqr_Clean_weatherAUS-baseline-xgboost.txt,42,iqr_Clean_weatherAUS,baseline,xgboost,0.86,0.82,0.75,0.78,0.85,0.86,0.85,0.88,0.95,0.91,0.75,0.56,0.64
42-iqr_Clean_weatherAUS-ctgan-lightgbm.txt,42,iqr_Clean_weatherAUS,ctgan,lightgbm,0.86,0.82,0.76,0.78,0.85,0.86,0.85,0.88,0.94,0.91,0.75,0.57,0.64
42-iqr_Clean_weatherAUS-ctgan-random_forest.txt,42,iqr_Clean_weatherAUS,ctgan,random_forest,0.85,0.82,0.73,0.76,0.85,0.85,0.84,0.87,0.96,0.91,0.78,0.5,0.6
42-iqr_Clean_weatherAUS-ctgan-tune_hgb.txt,42,iqr_Clean_weatherAUS,ctgan,tune_hgb,0.86,0.82,0.74,0.77,0.85,0.86,0.85,0.88,0.95,0.91,0.76,0.54,0.63
42-iqr_Clean_weatherAUS-ctgan-xgboost.txt,42,iqr_Clean_weatherAUS,ctgan,xgboost,0.86,0.82,0.75,0.78,0.85,0.86,0.85,0.88,0.95,0.91,0.75,0.55,0.64
42-iqr_Clean_weatherAUS-ctgan_filtered-lightgbm.txt,42,iqr_Clean_weatherAUS,ctgan_filtered,lightgbm,0.85,0.79,0.77,0.78,0.85,0.85,0.85,0.9,0.92,0.91,0.69,0.63,0.66
42-iqr_Clean_weatherAUS-ctgan_filtered-random_forest.txt,42,iqr_Clean_weatherAUS,ctgan_filtered,random_forest,0.85,0.8,0.75,0.77,0.85,0.85,0.85,0.88,0.94,0.91,0.73,0.56,0.63
42-iqr_Clean_weatherAUS-ctgan_filtered-tune_hgb.txt,42,iqr_Clean_weatherAUS,ctgan_filtered,tune_hgb,0.85,0.79,0.77,0.78,0.85,0.85,0.85,0.9,0.92,0.91,0.68,0.63,0.66
42-iqr_Clean_weatherAUS-ctgan_filtered-xgboost.txt,42,iqr_Clean_weatherAUS,ctgan_filtered,xgboost,0.85,0.79,0.77,0.78,0.85,0.85,0.85,0.9,0.92,0.91,0.69,0.63,0.66
42-iqr_Clean_weatherAUS-gan_from_tutorial-random_forest.txt,42,iqr_Clean_weatherAUS,gan_from_tutorial,random_forest,0.86,0.82,0.73,0.76,0.85,0.86,0.84,0.87,0.96,0.91,0.78,0.5,0.61
42-iqr_Clean_weatherAUS-gan_from_tutorial-tune_hgb.txt,42,iqr_Clean_weatherAUS,gan_from_tutorial,tune_hgb,0.86,0.81,0.74,0.77,0.85,0.86,0.85,0.88,0.95,0.91,0.75,0.54,0.63
42-iqr_Clean_weatherAUS-gan_from_tutorial-xgboost.txt,42,iqr_Clean_weatherAUS,gan_from_tutorial,xgboost,0.86,0.82,0.75,0.78,0.85,0.86,0.85,0.88,0.95,0.91,0.75,0.56,0.64
42-iqr_Clean_weatherAUS-gan_from_tutorial_filtered-random_forest.txt,42,iqr_Clean_weatherAUS,gan_from_tutorial_filtered,random_forest,0.86,0.81,0.75,0.77,0.85,0.86,0.85,0.88,0.94,0.91,0.73,0.56,0.63
42-iqr_Clean_weatherAUS-gan_from_tutorial_filtered-tune_hgb.txt,42,iqr_Clean_weatherAUS,gan_from_tutorial_filtered,tune_hgb,0.86,0.81,0.74,0.77,0.85,0.86,0.85,0.88,0.95,0.91,0.74,0.54,0.63
42-iqr_Clean_weatherAUS-gan_from_tutorial_filtered-xgboost.txt,42,iqr_Clean_weatherAUS,gan_from_tutorial_filtered,xgboost,0.85,0.79,0.78,0.78,0.85,0.85,0.85,0.9,0.92,0.91,0.69,0.63,0.66
42-iqr_Clean_weatherAUS-gan_paper_2-random_forest.txt,42,iqr_Clean_weatherAUS,gan_paper_2,random_forest,0.85,0.82,0.73,0.76,0.85,0.85,0.84,0.87,0.96,0.91,0.78,0.49,0.6
42-iqr_Clean_weatherAUS-gan_paper_2-tune_hgb.txt,42,iqr_Clean_weatherAUS,gan_paper_2,tune_hgb,0.86,0.82,0.74,0.77,0.85,0.86,0.85,0.88,0.95,0.91,0.75,0.54,0.63
42-iqr_Clean_weatherAUS-gan_paper_2-xgboost.txt,42,iqr_Clean_weatherAUS,gan_paper_2,xgboost,0.86,0.82,0.75,0.77,0.85,0.86,0.85,0.88,0.95,0.91,0.75,0.55,0.64
42-iqr_Clean_weatherAUS-gan_paper_2_filtered-random_forest.txt,42,iqr_Clean_weatherAUS,gan_paper_2_filtered,random_forest,0.85,0.82,0.73,0.76,0.85,0.85,0.84,0.87,0.95,0.91,0.76,0.51,0.61
42-iqr_Clean_weatherAUS-gan_paper_2_filtered-tune_hgb.txt,42,iqr_Clean_weatherAUS,gan_paper_2_filtered,tune_hgb,0.86,0.81,0.75,0.77,0.85,0.86,0.85,0.88,0.94,0.91,0.73,0.56,0.64
42-iqr_Clean_weatherAUS-gan_paper_2_filtered-xgboost.txt,42,iqr_Clean_weatherAUS,gan_paper_2_filtered,xgboost,0.86,0.81,0.76,0.78,0.85,0.86,0.85,0.88,0.94,0.91,0.74,0.58,0.65
42-iqr_Clean_weatherAUS-smote-random_forest.txt,42,iqr_Clean_weatherAUS,smote,random_forest,0.84,0.78,0.77,0.77,0.84,0.84,0.84,0.9,0.9,0.9,0.65,0.64,0.65
42-iqr_Clean_weatherAUS-smote-tune_hgb.txt,42,iqr_Clean_weatherAUS,smote,tune_hgb,0.85,0.8,0.76,0.77,0.85,0.85,0.85,0.89,0.93,0.91,0.71,0.58,0.64
42-iqr_Clean_weatherAUS-smote-xgboost.txt,42,iqr_Clean_weatherAUS,smote,xgboost,0.86,0.8,0.76,0.78,0.85,0.86,0.85,0.89,0.93,0.91,0.72,0.58,0.64
42-iqr_Clean_weatherAUS-smote_filtered-random_forest.txt,42,iqr_Clean_weatherAUS,smote_filtered,random_forest,0.84,0.77,0.78,0.77,0.84,0.84,0.84,0.9,0.89,0.9,0.63,0.67,0.65
42-iqr_Clean_weatherAUS-smote_filtered-tune_hgb.txt,42,iqr_Clean_weatherAUS,smote_filtered,tune_hgb,0.84,0.78,0.78,0.78,0.85,0.84,0.84,0.9,0.89,0.9,0.65,0.67,0.66
42-iqr_Clean_weatherAUS-smote_filtered-xgboost.txt,42,iqr_Clean_weatherAUS,smote_filtered,xgboost,0.85,0.78,0.78,0.78,0.85,0.85,0.85,0.9,0.9,0.9,0.66,0.66,0.66
42-iqr_Clean_weatherAUS-smotified_gan-random_forest.txt,42,iqr_Clean_weatherAUS,smotified_gan,random_forest,0.85,0.82,0.73,0.76,0.85,0.85,0.84,0.87,0.96,0.91,0.78,0.49,0.6
42-iqr_Clean_weatherAUS-smotified_gan-tune_hgb.txt,42,iqr_Clean_weatherAUS,smotified_gan,tune_hgb,0.86,0.82,0.74,0.77,0.85,0.86,0.85,0.88,0.95,0.91,0.76,0.54,0.63
42-iqr_Clean_weatherAUS-smotified_gan-xgboost.txt,42,iqr_Clean_weatherAUS,smotified_gan,xgboost,0.86,0.82,0.75,0.78,0.85,0.86,0.85,0.88,0.95,0.91,0.75,0.56,0.64
42-iqr_Clean_weatherAUS-smotified_gan_filtered-random_forest.txt,42,iqr_Clean_weatherAUS,smotified_gan_filtered,random_forest,0.85,0.82,0.73,0.76,0.85,0.85,0.84,0.87,0.95,0.91,0.76,0.51,0.61
42-iqr_Clean_weatherAUS-smotified_gan_filtered-tune_hgb.txt,42,iqr_Clean_weatherAUS,smotified_gan_filtered,tune_hgb,0.86,0.81,0.75,0.78,0.85,0.86,0.85,0.88,0.94,0.91,0.74,0.57,0.64
42-iqr_Clean_weatherAUS-smotified_gan_filtered-xgboost.txt,42,iqr_Clean_weatherAUS,smotified_gan_filtered,xgboost,0.86,0.81,0.76,0.78,0.85,0.86,0.85,0.88,0.94,0.91,0.74,0.57,0.65
42-iqr_Clean_weatherAUS-wgangp-random_forest.txt,42,iqr_Clean_weatherAUS,wgangp,random_forest,0.85,0.82,0.73,0.76,0.85,0.85,0.84,0.87,0.96,0.91,0.78,0.49,0.6
42-iqr_Clean_weatherAUS-wgangp-tune_hgb.txt,42,iqr_Clean_weatherAUS,wgangp,tune_hgb,0.86,0.82,0.74,0.77,0.85,0.86,0.85,0.88,0.95,0.91,0.76,0.54,0.63
42-iqr_Clean_weatherAUS-wgangp-xgboost.txt,42,iqr_Clean_weatherAUS,wgangp,xgboost,0.86,0.82,0.75,0.78,0.85,0.86,0.85,0.88,0.95,0.91,0.75,0.56,0.64
42-iqr_Clean_weatherAUS-wgangp_filtered-random_forest.txt,42,iqr_Clean_weatherAUS,wgangp_filtered,random_forest,0.85,0.8,0.75,0.77,0.85,0.85,0.85,0.88,0.94,0.91,0.73,0.56,0.64
42-iqr_Clean_weatherAUS-wgangp_filtered-tune_hgb.txt,42,iqr_Clean_weatherAUS,wgangp_filtered,tune_hgb,0.85,0.79,0.78,0.78,0.85,0.85,0.85,0.9,0.92,0.91,0.69,0.63,0.66
42-iqr_Clean_weatherAUS-wgangp_filtered-xgboost.txt,42,iqr_Clean_weatherAUS,wgangp_filtered,xgboost,0.86,0.8,0.78,0.79,0.85,0.86,0.85,0.9,0.92,0.91,0.7,0.63,0.66
